--
-- PostgreSQL database dump
--

-- Dumped from database version 10.15 (Ubuntu 10.15-0ubuntu0.18.04.1)
-- Dumped by pg_dump version 10.15 (Ubuntu 10.15-0ubuntu0.18.04.1)

SET statement_timeout = 0;
SET lock_timeout = 0;
SET idle_in_transaction_session_timeout = 0;
SET client_encoding = 'UTF8';
SET standard_conforming_strings = on;
SELECT pg_catalog.set_config('search_path', '', false);
SET check_function_bodies = false;
SET xmloption = content;
SET client_min_messages = warning;
SET row_security = off;

--
-- Name: plpgsql; Type: EXTENSION; Schema: -; Owner: 
--

CREATE EXTENSION IF NOT EXISTS plpgsql WITH SCHEMA pg_catalog;


--
-- Name: EXTENSION plpgsql; Type: COMMENT; Schema: -; Owner: 
--

COMMENT ON EXTENSION plpgsql IS 'PL/pgSQL procedural language';


--
-- Name: uuid-ossp; Type: EXTENSION; Schema: -; Owner: 
--

CREATE EXTENSION IF NOT EXISTS "uuid-ossp" WITH SCHEMA public;


--
-- Name: EXTENSION "uuid-ossp"; Type: COMMENT; Schema: -; Owner: 
--

COMMENT ON EXTENSION "uuid-ossp" IS 'generate universally unique identifiers (UUIDs)';


SET default_tablespace = '';

SET default_with_oids = false;

--
-- Name: album; Type: TABLE; Schema: public; Owner: visual_rater
--

CREATE TABLE public.album (
    id uuid NOT NULL,
    is_complete boolean NOT NULL,
    name character varying(255),
    thumbnail character varying(255),
    vendor_id character varying(255),
    year integer NOT NULL,
    artist_id uuid
);


ALTER TABLE public.album OWNER TO visual_rater;

--
-- Name: artist; Type: TABLE; Schema: public; Owner: visual_rater
--

CREATE TABLE public.artist (
    id uuid NOT NULL,
    name character varying(255),
    thumbnail character varying(255),
    vendor_id character varying(255)
);


ALTER TABLE public.artist OWNER TO visual_rater;

--
-- Name: items; Type: TABLE; Schema: public; Owner: visual_rater
--

CREATE TABLE public.items (
    id uuid NOT NULL,
    name character varying(250) NOT NULL,
    type_id integer
);


ALTER TABLE public.items OWNER TO visual_rater;

--
-- Name: lu_item_types; Type: TABLE; Schema: public; Owner: visual_rater
--

CREATE TABLE public.lu_item_types (
    id integer NOT NULL,
    name character varying(50)
);


ALTER TABLE public.lu_item_types OWNER TO visual_rater;

--
-- Name: lu_item_types_id_seq; Type: SEQUENCE; Schema: public; Owner: visual_rater
--

CREATE SEQUENCE public.lu_item_types_id_seq
    AS integer
    START WITH 1
    INCREMENT BY 1
    NO MINVALUE
    NO MAXVALUE
    CACHE 1;


ALTER TABLE public.lu_item_types_id_seq OWNER TO visual_rater;

--
-- Name: lu_item_types_id_seq; Type: SEQUENCE OWNED BY; Schema: public; Owner: visual_rater
--

ALTER SEQUENCE public.lu_item_types_id_seq OWNED BY public.lu_item_types.id;


--
-- Name: song; Type: TABLE; Schema: public; Owner: visual_rater
--

CREATE TABLE public.song (
    id uuid NOT NULL,
    disc_number integer NOT NULL,
    name character varying(255),
    number integer NOT NULL,
    score double precision,
    vendor_id character varying(255),
    album_id uuid,
    artist_id uuid
);


ALTER TABLE public.song OWNER TO visual_rater;

--
-- Name: lu_item_types id; Type: DEFAULT; Schema: public; Owner: visual_rater
--

ALTER TABLE ONLY public.lu_item_types ALTER COLUMN id SET DEFAULT nextval('public.lu_item_types_id_seq'::regclass);


--
-- Data for Name: album; Type: TABLE DATA; Schema: public; Owner: visual_rater
--

COPY public.album (id, is_complete, name, thumbnail, vendor_id, year, artist_id) FROM stdin;
b394ba0b-936b-49c5-9847-cbd96db37c26	f	The Slim Shady LP	https://i.scdn.co/image/ab67616d000048511381f35efba6ac849684ea9e	2VFlCEu1NPLIbWjIw1lmjJ	1999	b6dfbf06-7590-4f98-8fb2-511b585c2d67
2b484d51-437e-4442-a4d0-5890bdd33a72	f	The Marshall Mathers LP	https://i.scdn.co/image/ab67616d0000485176ac6f4b5e6cda3c7f888ec0	5H0rjI1TW8F2tORPYMJXHJ	2001	b6dfbf06-7590-4f98-8fb2-511b585c2d67
4b2e3973-a150-486d-8161-d0a42e2e0af9	f	The Eminem Show	https://i.scdn.co/image/ab67616d000048516ca5c90113b30c3c43ffb8f4	2cWBwpqMsDJC1ZUwz813lo	2002	b6dfbf06-7590-4f98-8fb2-511b585c2d67
65ee7c30-4b42-4aff-b8f5-d727bb90979e	f	Encore	https://i.scdn.co/image/ab67616d00004851dfd0ebe9b4b99f621f376453	7tsXPtLqhab1zWeubbf6JH	2004	b6dfbf06-7590-4f98-8fb2-511b585c2d67
32a3c2d8-537a-48f2-946f-9597bfa5385c	f	Relapse	https://i.scdn.co/image/ab67616d000048513d429223a0ace90c775c92ed	6tgULf2EfJoT8n1StuPQJt	2009	b6dfbf06-7590-4f98-8fb2-511b585c2d67
724d6e4f-9a71-45fa-800d-d619bc69ee65	f	Recovery	https://i.scdn.co/image/ab67616d00004851c08d5fa5c0f1a834acef5100	47BiFcV59TQi2s9SkBo2pb	2010	b6dfbf06-7590-4f98-8fb2-511b585c2d67
a48916e0-e793-4c5b-b4dc-400c40fb64de	f	Devils Night	https://i.scdn.co/image/ab67616d000048519f2ea05aa0ad163b4bf35b89	22CVoj4sxsAGO02OONbkQA	2001	7c78822b-0159-4631-96f9-4b6a1f4cee94
39e9b585-9100-435e-9462-8e72a42917d8	f	Backstreet's Back	https://i.scdn.co/image/ab67616d00004851530cec85d4543693bd726167	2U9ONknz1iFEK9drEKLx8v	1997	67719c0b-0dd5-4f70-b070-192ddb148962
2e6c0822-723d-4072-9e17-ae605ea53649	f	Millennium	https://i.scdn.co/image/ab67616d000048512160c02bc56f192df0f4986b	5ySxm9hxBNss01WCL7GLyQ	1999	67719c0b-0dd5-4f70-b070-192ddb148962
ff3ae456-d125-4847-a775-a631464a367c	f	Black & Blue	https://i.scdn.co/image/ab67616d00004851cf871e6326e334bfa92cff20	41zXjyVr6dzmchWf8tv3UO	2000	67719c0b-0dd5-4f70-b070-192ddb148962
3394b5d7-16fc-4266-92c6-a40c66debb51	f	No Strings Attached	https://i.scdn.co/image/ab67616d00004851aa85889c08d14c7c57c158dc	3Yn62LgM6PPH1K1esIxWAA	2000	1a6a4d8d-526c-4000-8439-28a635b55d1f
9545b959-0e3b-43b9-99a5-e5a777ebad21	f	Celebrity	https://i.scdn.co/image/ab67616d00004851e73503fef70393ddc38d1b23	54je7LZ8eotMPmfdGEBKuk	2001	1a6a4d8d-526c-4000-8439-28a635b55d1f
8d9ab4bd-8283-4217-af4d-5ba3ae54c701	f	Off the Wall	https://i.scdn.co/image/ab67616d000048517027294551db4fda68b5ddac	2ZytN2cY4Zjrr9ukb2rqTP	1979	6fc5b035-80ad-4e3e-b22b-3eede1dcd29d
ba2d22f8-c418-41b0-ac6e-0e67c91c9522	f	Thriller	https://i.scdn.co/image/ab67616d00004851db4232d94539e4165951e749	5Ne1SPpiXQqpCZ6pZCRfIM	1982	6fc5b035-80ad-4e3e-b22b-3eede1dcd29d
ad5fdef5-8051-455e-aaf8-a2c5be6d60eb	f	Bad (Remastered)	https://i.scdn.co/image/ab67616d0000485162e97ae5072de10850578af5	3Us57CjssWnHjTUIXBuIeH	1987	6fc5b035-80ad-4e3e-b22b-3eede1dcd29d
fb82da6d-16c6-4259-895a-a5fc8574bf5b	f	Dangerous	https://i.scdn.co/image/ab67616d000048513b9f8b18cc685e1502128aa8	0oX4SealMgNXrvRDhqqOKg	1991	6fc5b035-80ad-4e3e-b22b-3eede1dcd29d
910b7b82-ee2d-40b2-bdf3-9434618f9c13	f	HIStory - PAST, PRESENT AND FUTURE - BOOK I	https://i.scdn.co/image/ab67616d00004851d0593178c6c2594693ee34b7	3OBhnTLrvkoEEETjFA3Qfk	1995	6fc5b035-80ad-4e3e-b22b-3eede1dcd29d
0a31b255-1cca-4e2d-9c3d-a7fe4044f4bd	f	BLOOD ON THE DANCE FLOOR/ HIStory In The Mix	https://i.scdn.co/image/ab67616d00004851983d03d4dee6600fb095a9e6	0RNsFWWdiz1rrdLI1pwbvJ	1997	6fc5b035-80ad-4e3e-b22b-3eede1dcd29d
958e57b4-9a08-4437-aa87-f6ae1940ce35	f	Invincible	https://i.scdn.co/image/ab67616d00004851463de2351439f6532ff0dfbd	52E4RP7XDzalpIrOgSTgiQ	2001	6fc5b035-80ad-4e3e-b22b-3eede1dcd29d
8a380818-99ca-44d4-9b92-6b3af7eac45f	f	Kill 'Em All (Deluxe Remaster)	https://i.scdn.co/image/ab67616d00004851a4c3675649cce210651d150d	7GttoSWxEi5lZvIWeSrh6n	1983	a77cb218-c5de-4b07-ba18-a59f3289c82d
c456fdd5-6d59-4e7a-bac5-274393b0beb5	f	Ride The Lightning (Remastered)	https://i.scdn.co/image/ab67616d00004851b09e5084136821bf64d327f4	1nTvIQEXvygqSIqc2vuwAz	1984	a77cb218-c5de-4b07-ba18-a59f3289c82d
6926424e-b55c-42be-bdb4-697ba504ebf3	f	Master Of Puppets (Remastered)	https://i.scdn.co/image/ab67616d00004851668e3aca3167e6e569a9aa20	2Lq2qX3hYhiuPckC8Flj21	1986	a77cb218-c5de-4b07-ba18-a59f3289c82d
106df7ab-9578-43b7-b010-2d7c0c73a0df	f	...And Justice For All	https://i.scdn.co/image/ab67616d000048517c05e69390ab7c628a83cee7	6Eycw3dwcDMEFSqkUvLQ7g	1988	a77cb218-c5de-4b07-ba18-a59f3289c82d
6ca70dd1-2a16-4620-8036-f5b96a38e43e	f	Metallica	https://i.scdn.co/image/ab67616d00004851cf84c5b276431b473e924802	2Kh43m04B1UkVcpcRa1Zug	1991	a77cb218-c5de-4b07-ba18-a59f3289c82d
1f7afd35-854e-4927-9489-2392b1ba7338	f	Load	https://i.scdn.co/image/ab67616d000048510a3eb7ef6df5732fc6fa77ec	5rI3pfrpvmdYtGAsBwaGec	1996	a77cb218-c5de-4b07-ba18-a59f3289c82d
9bea4f84-7796-408f-aa2d-60c0adb79506	f	Reload	https://i.scdn.co/image/ab67616d00004851a49eff6d64cafc2551553380	7KDqRmr937ylvGilPGWxfD	1997	a77cb218-c5de-4b07-ba18-a59f3289c82d
1b3123af-a904-44ad-a9f0-9c4bb7854178	f	St. Anger	https://i.scdn.co/image/ab67616d000048512fe08610316f3e5ebaa06d68	4ljK2LVKvEPd5xPgUJn0Bs	2003	a77cb218-c5de-4b07-ba18-a59f3289c82d
ed5b5030-d19e-4631-930d-9186354ff578	f	Garage Inc.	https://i.scdn.co/image/ab67616d0000485175e6375e11550746705a9645	0vshXZYhBkbIoqxyC2fXcF	1998	a77cb218-c5de-4b07-ba18-a59f3289c82d
fe41ae13-9c83-4245-a723-1bbd4417a0a8	f	Bleach	https://i.scdn.co/image/ab67616d0000485197507fd22fb690cb9085a864	1KVGLuPtrMrLlyy4Je6df7	1989	25fc6164-0b9b-40f4-a61e-7f76fd5523c1
bf57df2c-b7b8-4b68-a411-54b140e06acb	f	Nevermind	https://i.scdn.co/image/ab67616d00004851d27b5404a8aa5b94856e24cc	6yaiubHHJy8N8QcHy3julo	1991	25fc6164-0b9b-40f4-a61e-7f76fd5523c1
8ac84ff2-cd8b-4f77-b4a8-293864751df1	f	In Utero - 20th Anniversary Remaster	https://i.scdn.co/image/ab67616d00004851c4f52ef8782f0e8ede4c1aaf	7wOOA7l306K8HfBKfPoafr	1993	25fc6164-0b9b-40f4-a61e-7f76fd5523c1
544e04e7-d6ac-4111-a6db-8235525a158d	f	Incesticide	https://i.scdn.co/image/ab67616d00004851e1f5fcef5fb5f70aa0a717fc	6ICrBzsbHVluGHP8wGK4Y3	1992	25fc6164-0b9b-40f4-a61e-7f76fd5523c1
\.


--
-- Data for Name: artist; Type: TABLE DATA; Schema: public; Owner: visual_rater
--

COPY public.artist (id, name, thumbnail, vendor_id) FROM stdin;
b6dfbf06-7590-4f98-8fb2-511b585c2d67	Eminem	https://i.scdn.co/image/ad64a7fbc24b31cd84455a1aef34758b94246352	7dGJo4pcD2V6oG8kP0tJRR
7c78822b-0159-4631-96f9-4b6a1f4cee94	D12	https://i.scdn.co/image/1e2e08b41628310eec1a4659367513e82243ab4b	5Qi4Bb7a8C0a00NZcA77L0
67719c0b-0dd5-4f70-b070-192ddb148962	Backstreet Boys	https://i.scdn.co/image/5c8f97c71776a47a05ef89b61d2ad6827412291a	5rSXSAkZ67PYJSvpUpkOr7
1a6a4d8d-526c-4000-8439-28a635b55d1f	*NSYNC	https://i.scdn.co/image/b119bdb5ef8a56c1b4aaa552f3ed686fab4aaff0	6Ff53KvcvAj5U7Z1vojB5o
6fc5b035-80ad-4e3e-b22b-3eede1dcd29d	Michael Jackson	https://i.scdn.co/image/2e6f35b90c131c137669d06e3c36b1a5d3172864	3fMbdgg4jU18AjLCKBhRSm
a77cb218-c5de-4b07-ba18-a59f3289c82d	Metallica	https://i.scdn.co/image/0c22030833eb55c14013bb36eb6a429328868c29	2ye2Wgw4gimLv2eAKyk1NB
25fc6164-0b9b-40f4-a61e-7f76fd5523c1	Nirvana	https://i.scdn.co/image/a4e10b79a642e9891383448cbf37d7266a6883d6	6olE6TJLqED3rqDCT0FyPh
\.


--
-- Data for Name: items; Type: TABLE DATA; Schema: public; Owner: visual_rater
--

COPY public.items (id, name, type_id) FROM stdin;
\.


--
-- Data for Name: lu_item_types; Type: TABLE DATA; Schema: public; Owner: visual_rater
--

COPY public.lu_item_types (id, name) FROM stdin;
1	Music
\.


--
-- Data for Name: song; Type: TABLE DATA; Schema: public; Owner: visual_rater
--

COPY public.song (id, disc_number, name, number, score, vendor_id, album_id, artist_id) FROM stdin;
5e3088b8-d774-4879-abee-116bb3c6a9e1	1	Public Service Announcement - Album Version (Edited)	1	\N	6Vm1379GvGxNMHoptK9AYg	b394ba0b-936b-49c5-9847-cbd96db37c26	b6dfbf06-7590-4f98-8fb2-511b585c2d67
6e2e5e3f-d1ef-476b-826a-34e725342c46	2	Marshall Mathers	11	3.93333333333333313	7n9XPcL4sfqqNNcsNgi1a8	2b484d51-437e-4442-a4d0-5890bdd33a72	b6dfbf06-7590-4f98-8fb2-511b585c2d67
4d3d74b8-be07-4725-8991-11e616836422	1	Guilty Conscience	3	3.60140378342156087	4aCjfVeyGAvY7I5a1DH3OZ	b394ba0b-936b-49c5-9847-cbd96db37c26	b6dfbf06-7590-4f98-8fb2-511b585c2d67
96268613-1ecf-4108-9df3-c80b7223b606	1	Come On Everybody	13	3.27805363845690634	5KFY0r9TY3ZpFHOu1PyjIw	b394ba0b-936b-49c5-9847-cbd96db37c26	b6dfbf06-7590-4f98-8fb2-511b585c2d67
c3d7c39a-446e-49e0-8e66-bc5685a20531	1	Paul - Skit	5	\N	4nUmIR26ipSnEPlgNsRBWk	b394ba0b-936b-49c5-9847-cbd96db37c26	b6dfbf06-7590-4f98-8fb2-511b585c2d67
945d9b15-a511-44d4-b0f7-6936ea221cb8	1	Bitch - Skit	8	\N	0gLRDSjaDibLjNK0tZUuqt	b394ba0b-936b-49c5-9847-cbd96db37c26	b6dfbf06-7590-4f98-8fb2-511b585c2d67
f39cf9a3-4403-429c-9983-a872f8eab428	1	Lounge - Skit	10	\N	7zxZCk07tFYxovMXOAC6jC	b394ba0b-936b-49c5-9847-cbd96db37c26	b6dfbf06-7590-4f98-8fb2-511b585c2d67
312162a0-8b2b-4d2b-8d0b-24e5cc0ad171	1	Rock Bottom	14	2.19024716987591361	3WZSXCDgFZrUAMRBzbAvjd	b394ba0b-936b-49c5-9847-cbd96db37c26	b6dfbf06-7590-4f98-8fb2-511b585c2d67
42d3961e-6f5f-4091-9f61-b1e9f7bcbd28	1	Ken Kaniff	12	\N	5mrfZZYJUPTNKnEarPafRJ	b394ba0b-936b-49c5-9847-cbd96db37c26	b6dfbf06-7590-4f98-8fb2-511b585c2d67
dba39445-8187-4901-bbd2-3292fa7db172	1	Bad Meets Evil	19	2.39860423910334353	0QSCYCUci4zzRaYJhzi5XL	b394ba0b-936b-49c5-9847-cbd96db37c26	b6dfbf06-7590-4f98-8fb2-511b585c2d67
b6c64c2d-f0be-40ae-8d06-01d09a511568	1	Curtains Up - Skit	1	\N	0ttF21hZCPw2merE3GsHcP	4b2e3973-a150-486d-8161-d0a42e2e0af9	b6dfbf06-7590-4f98-8fb2-511b585c2d67
9d162bbf-185b-4ec1-bf23-b20047d10c78	1	The Kids	19	4.10000000000000053	3LZOfhvPNSkRYWFTTSxMvr	2b484d51-437e-4442-a4d0-5890bdd33a72	b6dfbf06-7590-4f98-8fb2-511b585c2d67
57242760-5ba0-4eee-bcf9-8b732d927b14	2	Public Service Announcement 2000	1	\N	3Murbrz96zx9ngEmlN0bGu	2b484d51-437e-4442-a4d0-5890bdd33a72	b6dfbf06-7590-4f98-8fb2-511b585c2d67
e524f547-85cb-402f-beb2-ab90c1e3897a	1	Soap - Skit	16	\N	6GnzsgqgqzO8KV8v8D4b1H	b394ba0b-936b-49c5-9847-cbd96db37c26	b6dfbf06-7590-4f98-8fb2-511b585c2d67
98c2b233-51b2-4a44-873d-c32a6cd78289	1	I'm Shady	18	1.85415979465890013	3GLTUjEUJLJtnqgg8ffkzj	b394ba0b-936b-49c5-9847-cbd96db37c26	b6dfbf06-7590-4f98-8fb2-511b585c2d67
93008556-d37f-4e5b-920a-a23d0f9eab86	2	Paul - Skit	4	\N	2Kf4t3sxt5OZ0BJxdo7H5L	2b484d51-437e-4442-a4d0-5890bdd33a72	b6dfbf06-7590-4f98-8fb2-511b585c2d67
83b6901c-060a-43f3-bbcc-cafd2a9da69d	2	Ken Kaniff - Skit	12	\N	7bOavTG3jFHZ9ppyGfdz6O	2b484d51-437e-4442-a4d0-5890bdd33a72	b6dfbf06-7590-4f98-8fb2-511b585c2d67
c1bf156d-343a-47f8-a13e-51530635545e	2	Steve Berman	6	\N	5mgTRXPQquTqhRcBZiQXVg	2b484d51-437e-4442-a4d0-5890bdd33a72	b6dfbf06-7590-4f98-8fb2-511b585c2d67
c12e45a1-3400-4aa4-b6f4-aa74edfc7269	1	Brain Damage	4	4.32386089659963524	0L0QXMQMLqdCxVd8jLOL0Y	b394ba0b-936b-49c5-9847-cbd96db37c26	b6dfbf06-7590-4f98-8fb2-511b585c2d67
25e0210f-5472-43cb-a56c-c505adfe797b	2	Who Knew	5	3.78738932803444373	7fXPWrFoxtEGnoxu67ZjQa	2b484d51-437e-4442-a4d0-5890bdd33a72	b6dfbf06-7590-4f98-8fb2-511b585c2d67
4b1d9dca-4aeb-4ee9-be80-649479e1431f	1	As The World Turns	17	2.31111111111111089	24alBKy6idowyZEI98su3g	b394ba0b-936b-49c5-9847-cbd96db37c26	b6dfbf06-7590-4f98-8fb2-511b585c2d67
87d4c752-5a09-481e-900e-6ae4a1d8780d	1	If I Had	6	2.36111111111111116	6ymPu3FLvFhQJhKD9F1lgS	b394ba0b-936b-49c5-9847-cbd96db37c26	b6dfbf06-7590-4f98-8fb2-511b585c2d67
e89f7abb-2cc9-44c7-a57e-fc35e053852f	2	Kill You	2	4.43888888888888911	55tyosB2p2BRx1yEGG0V80	2b484d51-437e-4442-a4d0-5890bdd33a72	b6dfbf06-7590-4f98-8fb2-511b585c2d67
84d17522-bd58-4ff4-be67-949ba92e0429	2	Amityville	14	3.98333333333333339	2zUxeDhvav0P5aNIrKT3yr	2b484d51-437e-4442-a4d0-5890bdd33a72	b6dfbf06-7590-4f98-8fb2-511b585c2d67
064b1c61-bb09-4f5e-8b70-e94533e6306e	2	Kim	16	3.16459537933636215	42mXfrjYc29YYIRUjtwuao	2b484d51-437e-4442-a4d0-5890bdd33a72	b6dfbf06-7590-4f98-8fb2-511b585c2d67
19c657c7-9306-49fd-ac3d-fd548f81021f	2	Stan	3	3.66111111111111098	0AhrTX6TszxuoDjfOSprlz	2b484d51-437e-4442-a4d0-5890bdd33a72	b6dfbf06-7590-4f98-8fb2-511b585c2d67
35300533-ea9e-40e8-8f55-17026bacbb47	1	'97 Bonnie & Clyde	7	3.05057251820584785	4qnCwPlt85blGO1MngCzPs	b394ba0b-936b-49c5-9847-cbd96db37c26	b6dfbf06-7590-4f98-8fb2-511b585c2d67
c0e4867a-b48e-4b1b-b66d-bfd29b4aa901	1	Role Model	9	3.09993064888841463	4NQcaKgDJzxcUT4Ap44d9s	b394ba0b-936b-49c5-9847-cbd96db37c26	b6dfbf06-7590-4f98-8fb2-511b585c2d67
0e237337-d453-471c-9e6d-f4d170fed9c9	1	Business	3	3.3680476080972479	0x60P5taxdI5pcGbqbap6S	4b2e3973-a150-486d-8161-d0a42e2e0af9	b6dfbf06-7590-4f98-8fb2-511b585c2d67
1a001da4-e971-4222-82af-071db00a19cc	2	The Way I Am	7	4.30555555555555536	43cgG8MwilYEmsYvqom2bJ	2b484d51-437e-4442-a4d0-5890bdd33a72	b6dfbf06-7590-4f98-8fb2-511b585c2d67
6db13930-c4b5-42ef-9447-279cb7954fc5	2	Remember Me?	9	3.93333333333333313	5qrlwNK6VkPcCviRWOYVFv	2b484d51-437e-4442-a4d0-5890bdd33a72	b6dfbf06-7590-4f98-8fb2-511b585c2d67
c2cbb2ef-2183-4988-b38d-1d8818dbd0d3	2	I'm Back	10	3.93333333333333313	23pOXfm1f8MYAYdZ5fWqqd	2b484d51-437e-4442-a4d0-5890bdd33a72	b6dfbf06-7590-4f98-8fb2-511b585c2d67
f71e0727-9c08-4664-a21f-70a2775ae7ee	1	White America	2	3.76970644976833569	15qrWkkYCfmtu1uRpGf48L	4b2e3973-a150-486d-8161-d0a42e2e0af9	b6dfbf06-7590-4f98-8fb2-511b585c2d67
84fd6dc2-9659-4376-9b65-522e6877b546	2	Drug Ballad	13	3.26666666666666661	3IUmCs4zwUffG01G7F7iQx	2b484d51-437e-4442-a4d0-5890bdd33a72	b6dfbf06-7590-4f98-8fb2-511b585c2d67
4ee85487-d51b-457c-9e8d-f8fb988766ce	1	The Kiss - Skit	6	\N	2J3CYFUn6eAuHz5S9IKape	4b2e3973-a150-486d-8161-d0a42e2e0af9	b6dfbf06-7590-4f98-8fb2-511b585c2d67
647ffe78-ec90-494f-9d59-fc13527dd9db	2	Under The Influence	17	3.33888888888888902	4NpIbjh8rOLs4sRTCGUHAM	2b484d51-437e-4442-a4d0-5890bdd33a72	b6dfbf06-7590-4f98-8fb2-511b585c2d67
f33d5757-98d7-4713-a417-461dd5e2fa38	2	Criminal	18	4.20555555555555571	5OxgFpiGktT1kMQxwGa870	2b484d51-437e-4442-a4d0-5890bdd33a72	b6dfbf06-7590-4f98-8fb2-511b585c2d67
70c9785a-a7f9-412c-b234-30d907c5fa1c	2	The Real Slim Shady	8	3.5848765373229976	5EvF8OdvwB2CQy9Un7eiiI	2b484d51-437e-4442-a4d0-5890bdd33a72	b6dfbf06-7590-4f98-8fb2-511b585c2d67
4d4de2bc-1f16-4093-8d2a-b66dd850ae25	1	Just Don't Give a F**	15	1.96527090577001085	68red68BBbMP51mQVl63xl	b394ba0b-936b-49c5-9847-cbd96db37c26	b6dfbf06-7590-4f98-8fb2-511b585c2d67
ae5dd46a-cafa-4766-b257-805a87265cb0	1	Fight Fire With Fire (Remastered)	1	3.56490282996190277	3eaOnliKh0QdjuDbPAwCLx	c456fdd5-6d59-4e7a-bac5-274393b0beb5	a77cb218-c5de-4b07-ba18-a59f3289c82d
b5590909-d4e4-47a8-96d7-a3d9fdb53f4c	1	Trapped Under Ice (Remastered)	5	2.7815565468955965	48BSp63VnT4GwK8BxiwdTD	c456fdd5-6d59-4e7a-bac5-274393b0beb5	a77cb218-c5de-4b07-ba18-a59f3289c82d
bacc10ab-b627-4b57-b63e-0a503a1e3a63	1	Cleanin' Out My Closet	4	3.20000000000000018	7BMO7O7ImjV8HNTH74Tshv	4b2e3973-a150-486d-8161-d0a42e2e0af9	b6dfbf06-7590-4f98-8fb2-511b585c2d67
8efc2094-f5e2-4832-8252-5d362ec1b6c3	1	Soldier	7	3.99584039708817862	5QD28FqaM3jTfsqWwvRZwv	4b2e3973-a150-486d-8161-d0a42e2e0af9	b6dfbf06-7590-4f98-8fb2-511b585c2d67
585bd7cf-11f1-43ff-81bb-1f5638738ce7	2	Bitch Please II	15	3.60776324469733023	0NWtAf6HtnfA5KFCaX6Wtz	2b484d51-437e-4442-a4d0-5890bdd33a72	b6dfbf06-7590-4f98-8fb2-511b585c2d67
be3dd03d-3099-4db9-8429-abd5ee62a633	1	Square Dance	5	3.61965344005483125	27mgDrExPa3obPAYXd3yQg	4b2e3973-a150-486d-8161-d0a42e2e0af9	b6dfbf06-7590-4f98-8fb2-511b585c2d67
b0282ddb-b6a7-46ed-9917-8207a544c7f4	1	Still Don't Give	20	3.03042847722365494	2NPIFzhYie0mIAjxr5kw6a	b394ba0b-936b-49c5-9847-cbd96db37c26	b6dfbf06-7590-4f98-8fb2-511b585c2d67
154e143a-d333-4448-871f-3d86ca0a9f74	1	For Whom The Bell Tolls (Remastered)	3	4.266701875491405	17rf2oZYDVymJeYI9ftDXc	c456fdd5-6d59-4e7a-bac5-274393b0beb5	a77cb218-c5de-4b07-ba18-a59f3289c82d
2aded527-cb03-4428-9b0b-f22aee869d0c	1	My Name Is	2	3.85808118899647035	5k7zON2QahcMSl4CFlJ0Kx	b394ba0b-936b-49c5-9847-cbd96db37c26	b6dfbf06-7590-4f98-8fb2-511b585c2d67
8692998f-bbd6-4e54-9646-37d7a9dcb556	1	Creeping Death (Remastered)	7	3.85580654649149634	3qXEqKdzI3MSGB1FlGMBz5	c456fdd5-6d59-4e7a-bac5-274393b0beb5	a77cb218-c5de-4b07-ba18-a59f3289c82d
c23ad0a2-80fb-4aa0-a4e8-0197fe32157a	1	The Call Of Ktulu (Remastered)	8	3.87889055373868219	5zZ74lczJgFtVCeaS11Fo1	c456fdd5-6d59-4e7a-bac5-274393b0beb5	a77cb218-c5de-4b07-ba18-a59f3289c82d
c025d502-89d8-4bdc-b0ee-ad094b5a4a5d	1	Ride The Lightning (Remastered)	2	3.58134687296119569	6yUCeySJMRaSAEsnfqDeZK	c456fdd5-6d59-4e7a-bac5-274393b0beb5	a77cb218-c5de-4b07-ba18-a59f3289c82d
1beb8d8c-cae6-4f95-b700-1d712f38f753	1	Escape (Remastered)	6	2.82790248208536799	0ybLEwE6TxjCePcIwwZeyJ	c456fdd5-6d59-4e7a-bac5-274393b0beb5	a77cb218-c5de-4b07-ba18-a59f3289c82d
c1e435d1-cd87-4314-a32d-23a117882352	1	Fade To Black (Remastered)	4	3.9719735239377032	4kBsYpQBUbSIQNLTDF7es2	c456fdd5-6d59-4e7a-bac5-274393b0beb5	a77cb218-c5de-4b07-ba18-a59f3289c82d
853dcc9c-b104-4a95-a670-9537aa58a4bb	1	The Memory Remains	2	3.94146751230459014	0vhOJ8a3M2LWnBNrDXJKDl	9bea4f84-7796-408f-aa2d-60c0adb79506	a77cb218-c5de-4b07-ba18-a59f3289c82d
a505f79c-b193-4500-b31a-a1f7eb4355e7	1	My Fault	11	3.3583472106133998	2mCKUKWwY7jUoAWfq7jwu4	b394ba0b-936b-49c5-9847-cbd96db37c26	b6dfbf06-7590-4f98-8fb2-511b585c2d67
5eade8e5-3db5-4665-a322-1bd527d9cbb1	1	The Unforgiven II	4	4.21510375457089026	0IGXkVRn0uCsgn4FvIfpgB	9bea4f84-7796-408f-aa2d-60c0adb79506	a77cb218-c5de-4b07-ba18-a59f3289c82d
7424d3dd-633e-404c-8a2a-22b7de0ca356	1	Devil's Dance	3	3.2912676338920055	1s36Y4giRH7VYiE0Iw1Z6i	9bea4f84-7796-408f-aa2d-60c0adb79506	a77cb218-c5de-4b07-ba18-a59f3289c82d
bf8534ba-12a0-4198-b575-627a4c0d2e61	1	Hailie's Song	14	2.20000000000000018	6Db8IlZ7YY1pfIjJllejyH	4b2e3973-a150-486d-8161-d0a42e2e0af9	b6dfbf06-7590-4f98-8fb2-511b585c2d67
1146fbe2-e4b0-49cb-a00e-d448361e92a7	1	Without Me	10	3.45342742984142559	7lQ8MOhq6IN2w8EYcFNSUk	4b2e3973-a150-486d-8161-d0a42e2e0af9	b6dfbf06-7590-4f98-8fb2-511b585c2d67
2ca72ff8-84b6-4cf6-985a-c8a6bfa722a5	1	Paul Rosenberg - Skit	11	\N	0EgkVzDidmq4MP57jZFeik	4b2e3973-a150-486d-8161-d0a42e2e0af9	b6dfbf06-7590-4f98-8fb2-511b585c2d67
1c48ec39-1c68-44ad-95f4-762cc38ab1e6	1	My 1st Single	8	3.54836307101779491	2XwcKN1muqa3rXgwAQiXrL	65ee7c30-4b42-4aff-b8f5-d727bb90979e	b6dfbf06-7590-4f98-8fb2-511b585c2d67
44d41ca2-f08e-473f-80d3-661f5ff1d687	1	Superman	13	2.53762088792061968	4woTEX1wYOTGDqNXuavlRC	4b2e3973-a150-486d-8161-d0a42e2e0af9	b6dfbf06-7590-4f98-8fb2-511b585c2d67
9697f548-7acd-4cea-9383-a8a674319bed	1	Steve Berman - Skit	15	\N	5ZxX55HFfi4aofGTxMp58x	4b2e3973-a150-486d-8161-d0a42e2e0af9	b6dfbf06-7590-4f98-8fb2-511b585c2d67
336fa61e-70a1-4b20-883c-651b5eb86b8c	1	When The Music Stops	16	3.29271236355481944	73qINA7ccO03wxD8nsJalr	4b2e3973-a150-486d-8161-d0a42e2e0af9	b6dfbf06-7590-4f98-8fb2-511b585c2d67
6f0c93c7-01fc-4f6a-a303-7c5a08447883	1	Paul - Skit	9	\N	7r7thr1ZEdG6kZJyTevfaR	65ee7c30-4b42-4aff-b8f5-d727bb90979e	b6dfbf06-7590-4f98-8fb2-511b585c2d67
c1fd3071-af1d-4b61-9efb-373faffb1914	1	Em Calls Paul - Skit	12	\N	5eOti2JOjynFuZ0ZPkMBK8	65ee7c30-4b42-4aff-b8f5-d727bb90979e	b6dfbf06-7590-4f98-8fb2-511b585c2d67
c6ef10df-2786-44f8-8673-bbc3e0617d65	1	Just Lose It	13	3.65997026231553857	35gqchrol8FU9YYcZguuCL	65ee7c30-4b42-4aff-b8f5-d727bb90979e	b6dfbf06-7590-4f98-8fb2-511b585c2d67
fb865e30-c9e6-4232-ab3a-eebd0d315a1b	1	Curtains Close	20	\N	51LeDAMy6nWqKdjVo7jK4j	4b2e3973-a150-486d-8161-d0a42e2e0af9	b6dfbf06-7590-4f98-8fb2-511b585c2d67
75f7ee9a-36d1-4e8c-bc5c-f8dca6e58f97	1	Ass Like That	14	3.65997026231553857	0avjVeujL8PYfm8tKKszLH	65ee7c30-4b42-4aff-b8f5-d727bb90979e	b6dfbf06-7590-4f98-8fb2-511b585c2d67
010edc6a-6547-405a-8940-af6f8a8f9b19	1	Spend Some Time	15	3.65376985337999116	3unvrmw7SW5oIVLSsJ7bat	65ee7c30-4b42-4aff-b8f5-d727bb90979e	b6dfbf06-7590-4f98-8fb2-511b585c2d67
8fa99219-0aaa-42dd-889c-64996acf06c7	1	My Dad's Gone Crazy	19	3.59939900290599457	3F14hbIqy1JKKLTb1mzdYV	4b2e3973-a150-486d-8161-d0a42e2e0af9	b6dfbf06-7590-4f98-8fb2-511b585c2d67
2d5ac7be-2b21-49fa-ad80-8463eaf2b337	1	Say What You Say	17	3.55921382904052663	4EQkcrSLF3QdlwNca7sMXY	4b2e3973-a150-486d-8161-d0a42e2e0af9	b6dfbf06-7590-4f98-8fb2-511b585c2d67
ee96ebd6-6d23-4912-87e9-f6297947dc54	1	Sing For The Moment	12	3.73934528590004733	3CpoeW0cZSDzIRv5z34F87	4b2e3973-a150-486d-8161-d0a42e2e0af9	b6dfbf06-7590-4f98-8fb2-511b585c2d67
188cdb33-5aba-4043-90ef-4c9b53bff721	1	'Till I Collapse	18	3.24971246825789262	4xkOaSrkexMciUUogZKVTS	4b2e3973-a150-486d-8161-d0a42e2e0af9	b6dfbf06-7590-4f98-8fb2-511b585c2d67
92b39c2b-b82b-4d50-b8a2-5f72ebe5379e	1	Curtains Up	1	\N	2nT5m433s95hvYJH4S7ont	65ee7c30-4b42-4aff-b8f5-d727bb90979e	b6dfbf06-7590-4f98-8fb2-511b585c2d67
4ecb5557-2005-496f-9c14-098f335b7f6d	1	Evil Deeds	2	3.65997026231553857	0MhkjuQtv0JyIPZ8MEUMCq	65ee7c30-4b42-4aff-b8f5-d727bb90979e	b6dfbf06-7590-4f98-8fb2-511b585c2d67
975850bd-932d-4072-abad-0df370eccd22	1	Never Enough	3	3.64756944444444464	3sQ8aCVA5Bsw7WHa7XpDWr	65ee7c30-4b42-4aff-b8f5-d727bb90979e	b6dfbf06-7590-4f98-8fb2-511b585c2d67
72d503db-d71d-461f-8128-7906ec2b36d7	1	Yellow Brick Road	4	3.48635915120442696	6JLU84OHXJ582y0PWRIYba	65ee7c30-4b42-4aff-b8f5-d727bb90979e	b6dfbf06-7590-4f98-8fb2-511b585c2d67
ec059b49-b151-43c3-a6df-7405af8c1305	1	Big Weenie	11	3.54836307101779491	3I1RTasRwkWepr6AfUMxW0	65ee7c30-4b42-4aff-b8f5-d727bb90979e	b6dfbf06-7590-4f98-8fb2-511b585c2d67
02f7c74f-8f2f-4ee8-ad7c-976ea3a47845	1	Encore/Curtains Down	20	\N	2b4zzYE453ThfmXcnicgow	65ee7c30-4b42-4aff-b8f5-d727bb90979e	b6dfbf06-7590-4f98-8fb2-511b585c2d67
353536ae-9c26-417c-be9f-7085832c43ce	1	Final Thought - Skit	19	\N	3l7JgsKSK2GSbquX2UJAwm	65ee7c30-4b42-4aff-b8f5-d727bb90979e	b6dfbf06-7590-4f98-8fb2-511b585c2d67
649aa399-8c4d-455d-8e91-7e86c27e4912	1	Rain Man	10	3.62739052928282923	6iXYSQWhN9EuHWgRGRI6WL	65ee7c30-4b42-4aff-b8f5-d727bb90979e	b6dfbf06-7590-4f98-8fb2-511b585c2d67
97ccfe59-4638-4b9f-95dd-09f72307a7f4	1	Like Toy Soldiers	5	3.59241889617254229	4csWODGWQtsQwKc7ukTvs6	65ee7c30-4b42-4aff-b8f5-d727bb90979e	b6dfbf06-7590-4f98-8fb2-511b585c2d67
e00af723-6180-404e-bc1f-b5240bd9008b	1	Mockingbird	16	2.4452415346155143	0JtIWgsblOvJfpoyhGkFuS	65ee7c30-4b42-4aff-b8f5-d727bb90979e	b6dfbf06-7590-4f98-8fb2-511b585c2d67
a07a8cc0-2ac4-4d11-aee9-5ef6885a1ade	1	Stay Wide Awake	12	2.24866687002194166	0tbdjG5XexpU7Ik9esdNst	32a3c2d8-537a-48f2-946f-9597bfa5385c	b6dfbf06-7590-4f98-8fb2-511b585c2d67
c1b21d41-ef32-4afb-bd45-8b9030621f56	1	W.T.P.	5	1.67588813660235436	1ne7JVHEPnoncXzQunQVKW	724d6e4f-9a71-45fa-800d-d619bc69ee65	b6dfbf06-7590-4f98-8fb2-511b585c2d67
51fb6a7f-02c1-421a-9c6b-db2f16f53892	1	Dr. West - Skit	1	\N	2bwfhid3iHrwKNrKxm4MQ5	32a3c2d8-537a-48f2-946f-9597bfa5385c	b6dfbf06-7590-4f98-8fb2-511b585c2d67
7f661102-c8de-4532-90e2-f21184f92983	1	Must Be The Ganja	14	2.32148143686917541	6C2j1gHKZf7wOVe2C1B0eA	32a3c2d8-537a-48f2-946f-9597bfa5385c	b6dfbf06-7590-4f98-8fb2-511b585c2d67
30153826-8e56-4f9f-9e29-51ae6f875baa	1	Drips	9	2.58953720497726492	7io19rjxOFu3pGuZgBI6Pk	4b2e3973-a150-486d-8161-d0a42e2e0af9	b6dfbf06-7590-4f98-8fb2-511b585c2d67
436cf78d-4c9c-444d-aeb1-ffd880858035	1	Paul - Skit	11	\N	1vEYeV67nFNpmMXbA2XK6K	32a3c2d8-537a-48f2-946f-9597bfa5385c	b6dfbf06-7590-4f98-8fb2-511b585c2d67
056fd61c-73a9-43fa-a8ef-344011e227fd	1	Mr. Mathers - Skit	15	\N	4PMTTn79L5k1hL5rcy07Iw	32a3c2d8-537a-48f2-946f-9597bfa5385c	b6dfbf06-7590-4f98-8fb2-511b585c2d67
7069157a-dd14-4510-8aab-a4c45d2ee7d9	1	Steve Berman - Skit	19	\N	6OZhmKAgv7QUkvmkibYl3k	32a3c2d8-537a-48f2-946f-9597bfa5385c	b6dfbf06-7590-4f98-8fb2-511b585c2d67
514d39be-1eca-4277-af67-f1ee344cbff2	1	3 a.m.	2	3.44295637342664929	5dF4EMpdyrFosQCKsVVOpa	32a3c2d8-537a-48f2-946f-9597bfa5385c	b6dfbf06-7590-4f98-8fb2-511b585c2d67
68af3a7b-b2f5-4eea-9cb9-846f08331d0d	1	We Made You	9	2.99822272389939615	4qCiHpRghybglyJj65jYdC	32a3c2d8-537a-48f2-946f-9597bfa5385c	b6dfbf06-7590-4f98-8fb2-511b585c2d67
770441e2-8610-4579-bdcd-7a3f7f385d87	1	Old Time's Sake	13	3.01963492055987892	411SaGOrIlF1bJ0qGDU9OA	32a3c2d8-537a-48f2-946f-9597bfa5385c	b6dfbf06-7590-4f98-8fb2-511b585c2d67
454f1ab6-899e-4d39-962e-38e8094cd7a8	1	Crack A Bottle	18	2.33928578694661438	1yEyrqai0FcnMK2yVIQPEw	32a3c2d8-537a-48f2-946f-9597bfa5385c	b6dfbf06-7590-4f98-8fb2-511b585c2d67
3a812ced-7b42-441d-ac7a-f05879203b03	1	Insane	4	3.69325892094435737	5OzbxLp2LZXRWPXxjUiskQ	32a3c2d8-537a-48f2-946f-9597bfa5385c	b6dfbf06-7590-4f98-8fb2-511b585c2d67
96ce784d-6405-4466-8449-37f194dc6527	1	Tonya - Skit	7	\N	2eOKdUHFyANfKUiAvLLP6C	32a3c2d8-537a-48f2-946f-9597bfa5385c	b6dfbf06-7590-4f98-8fb2-511b585c2d67
9766357f-4971-46d5-9b57-319c7eb74651	1	Medicine Ball	10	3.12669590386229412	7ruFpu0VUArneKMjKDGkOj	32a3c2d8-537a-48f2-946f-9597bfa5385c	b6dfbf06-7590-4f98-8fb2-511b585c2d67
e82049eb-9cfa-4fff-8884-a96b26631642	1	Deja Vu	16	2.3614894531338928	51m5y70CvpbCEA7wepZVYr	32a3c2d8-537a-48f2-946f-9597bfa5385c	b6dfbf06-7590-4f98-8fb2-511b585c2d67
00f8ab11-874b-4dfb-b777-080026f277bc	1	My Mom	3	2.41990115425485541	28QraEUIuf5M3dehtaFIIn	32a3c2d8-537a-48f2-946f-9597bfa5385c	b6dfbf06-7590-4f98-8fb2-511b585c2d67
d202ecb7-f1e6-4045-b301-0f0a52b2a030	1	Hello	6	2.38229361196462008	75jo9pw1PrMlAxMNa8ll8d	32a3c2d8-537a-48f2-946f-9597bfa5385c	b6dfbf06-7590-4f98-8fb2-511b585c2d67
ea44ffb8-51be-4ce4-984f-51d15d753c94	1	Mosh	6	2.71029475736562953	78R9km7Q1QTC37XUSq7lFT	65ee7c30-4b42-4aff-b8f5-d727bb90979e	b6dfbf06-7590-4f98-8fb2-511b585c2d67
1d7fd821-3ff9-40df-91b6-1a8ed97b6adc	1	Same Song & Dance	8	2.66499552086286418	2Td2zNfGaE9g440etANABL	32a3c2d8-537a-48f2-946f-9597bfa5385c	b6dfbf06-7590-4f98-8fb2-511b585c2d67
406daf77-649c-4334-9001-cc43b87184f5	1	Crazy In Love	17	2.69995717238560395	3ujYGOyZTnclO5vDp1qZBJ	65ee7c30-4b42-4aff-b8f5-d727bb90979e	b6dfbf06-7590-4f98-8fb2-511b585c2d67
614730d3-1d4d-444f-8e2e-e26c203a37d3	1	Beautiful	17	2.402297620096979	74TJnQngGnV8Nsy3XeYuIH	32a3c2d8-537a-48f2-946f-9597bfa5385c	b6dfbf06-7590-4f98-8fb2-511b585c2d67
a38f31a5-b471-4839-8680-a2316254274f	1	Puke	7	2.74835761433714776	5A6ilRXHqsGBPrcY9JJoRJ	65ee7c30-4b42-4aff-b8f5-d727bb90979e	b6dfbf06-7590-4f98-8fb2-511b585c2d67
d2ff0516-d046-4fa8-a70f-346e5a02c7e1	1	Say Goodbye Hollywood	8	2.64978060021841699	288e3FhmVuCqPmNEfAH0h6	4b2e3973-a150-486d-8161-d0a42e2e0af9	b6dfbf06-7590-4f98-8fb2-511b585c2d67
c9a1c5b1-5b9a-41f3-b683-6664f0952bea	1	One Shot 2 Shot	18	2.54987307178234346	1pdR7N8sTiKh93IcG7Ou51	65ee7c30-4b42-4aff-b8f5-d727bb90979e	b6dfbf06-7590-4f98-8fb2-511b585c2d67
33720295-ac39-4db1-b4eb-14c84c77a4e0	1	Underground	20	2.47114587503207961	4Sb5VMNcBmXYwQ9b0fMNhL	32a3c2d8-537a-48f2-946f-9597bfa5385c	b6dfbf06-7590-4f98-8fb2-511b585c2d67
498ac937-daac-46a9-8d41-b85c80898f95	1	Bagpipes From Baghdad	5	2.45521433233440067	3G8zfjtS3cR0V4Q6jSc0pq	32a3c2d8-537a-48f2-946f-9597bfa5385c	b6dfbf06-7590-4f98-8fb2-511b585c2d67
6dcc1317-f8ae-4ad3-b407-6e1faef59b00	1	On Fire	3	1.66965073056616942	6HLZaECJKDjNE0jiGBeqxz	724d6e4f-9a71-45fa-800d-d619bc69ee65	b6dfbf06-7590-4f98-8fb2-511b585c2d67
7f85eeb9-8796-4a42-a0dc-d7a8e3bf6de1	1	Talkin’ 2 Myself	2	2.72279803194056447	66h8hB4In6t725WtAPL23J	724d6e4f-9a71-45fa-800d-d619bc69ee65	b6dfbf06-7590-4f98-8fb2-511b585c2d67
f75ed1a0-9835-4ab1-abbf-aa630a3db4c0	1	Going Through Changes	6	1.64316549774062892	0ZqWBTU1EkdVPAMwQgfKiv	724d6e4f-9a71-45fa-800d-d619bc69ee65	b6dfbf06-7590-4f98-8fb2-511b585c2d67
eb71ccfc-0bdd-4faf-b1e8-11c5e84d24b0	1	Cold Wind Blows	1	2.09216620520405971	3Tj1luJyKPQt7WbrqpJ2Az	724d6e4f-9a71-45fa-800d-d619bc69ee65	b6dfbf06-7590-4f98-8fb2-511b585c2d67
e6bd7f39-95bf-4fb1-b6b3-04e007a28ffe	1	Won't Back Down	4	1.61069552012722061	7kNlRLC9PEH8nXMVawssMx	724d6e4f-9a71-45fa-800d-d619bc69ee65	b6dfbf06-7590-4f98-8fb2-511b585c2d67
c2982f3e-e324-49df-876f-7c71a83a738f	1	25 To Life	12	1.42326868227870218	0dyWQoMOU9oERL6c9vxtRp	724d6e4f-9a71-45fa-800d-d619bc69ee65	b6dfbf06-7590-4f98-8fb2-511b585c2d67
3516b513-79b4-4772-b085-29b54adb9b8d	1	Cinderella Man	11	1.61052638885966415	4SE4yewyGpOYfxfx59Yjc5	724d6e4f-9a71-45fa-800d-d619bc69ee65	b6dfbf06-7590-4f98-8fb2-511b585c2d67
a56f63cd-83ca-42c7-8d8e-a3ab95220423	1	Love The Way You Lie	15	2.43300585738179453	15JINEqzVMv3SvJTAXAKED	724d6e4f-9a71-45fa-800d-d619bc69ee65	b6dfbf06-7590-4f98-8fb2-511b585c2d67
e5a7b087-f94b-4ede-bd93-66c334af7f39	1	Space Bound	10	2.00028084856642341	0sHW1jXe6Sou3437gJQNGA	724d6e4f-9a71-45fa-800d-d619bc69ee65	b6dfbf06-7590-4f98-8fb2-511b585c2d67
b0cdb5e2-b758-4edb-a6bd-1c212c5d5bc9	1	Another Public Service Announcement - Intro	1	\N	6gwM7VslLxJixATQweiThZ	a48916e0-e793-4c5b-b4dc-400c40fb64de	7c78822b-0159-4631-96f9-4b6a1f4cee94
ff97d22c-1ddf-4bea-b8d6-54bfe368ee08	1	Bizzare - Skit	4	\N	1xK3tfFZIP39cVUbhQ0o64	a48916e0-e793-4c5b-b4dc-400c40fb64de	7c78822b-0159-4631-96f9-4b6a1f4cee94
af143617-af31-4d67-91c0-4f51f8c459ff	1	Shit Can Happen	2	4.17517802513081193	4k26Z0ncaGQ6JisQblsCom	a48916e0-e793-4c5b-b4dc-400c40fb64de	7c78822b-0159-4631-96f9-4b6a1f4cee94
60c1b674-e0ea-4f8a-8cd8-300eadbbf13d	1	Steve Berman - Skit	17	\N	2KrjrFCOhmfkaBU2tqxsNG	a48916e0-e793-4c5b-b4dc-400c40fb64de	7c78822b-0159-4631-96f9-4b6a1f4cee94
55700cc6-9b32-4b63-9800-9c5588780fa2	1	That's How - Skit	8	\N	1bB9GkZ607GnZ1CvHdv88G	a48916e0-e793-4c5b-b4dc-400c40fb64de	7c78822b-0159-4631-96f9-4b6a1f4cee94
4bf31cf5-b03c-4393-a475-22f99f320542	1	Pistol Pistol	3	3.2299382845560709	6SKHd2gYjTeGU7SvdTiYDV	a48916e0-e793-4c5b-b4dc-400c40fb64de	7c78822b-0159-4631-96f9-4b6a1f4cee94
0508751c-c339-4f29-a1ad-bc3db2a40876	1	Nasty Mind	5	3.26080249150594081	1sTt7c8GEvrFNBXbvAAcAG	a48916e0-e793-4c5b-b4dc-400c40fb64de	7c78822b-0159-4631-96f9-4b6a1f4cee94
8ea32cce-cf7e-4a45-8304-4baf66aa4dc4	1	Girls	19	3.99909272312778796	05v6w9fcXfhRjdcV3MxHFG	a48916e0-e793-4c5b-b4dc-400c40fb64de	7c78822b-0159-4631-96f9-4b6a1f4cee94
e39fd9b6-0da2-430e-952a-3405072221c2	1	No Love	9	1.47727919476660485	7bHT9osSq1rwT2yaImzqCi	724d6e4f-9a71-45fa-800d-d619bc69ee65	b6dfbf06-7590-4f98-8fb2-511b585c2d67
09b0bba3-e648-4ded-863f-913572fc88fb	1	It Ain't Nothin' But Music	6	3.5797300774888221	6ZSS9nZHSuJ3U1DMClLoNn	a48916e0-e793-4c5b-b4dc-400c40fb64de	7c78822b-0159-4631-96f9-4b6a1f4cee94
3407d0db-bd35-4bbe-b13e-de6a3d5324c6	1	You’re Never Over	16	1.50760107935661125	1v54pVfqtSC7KbTu2C2pnM	724d6e4f-9a71-45fa-800d-d619bc69ee65	b6dfbf06-7590-4f98-8fb2-511b585c2d67
30e9ae5f-d7d7-474f-a5b7-9cd0b72d8b30	1	Untitled	17	1.54095520215249948	44ut2KJnt0HQMnUaMlDv9W	724d6e4f-9a71-45fa-800d-d619bc69ee65	b6dfbf06-7590-4f98-8fb2-511b585c2d67
6624b7d8-dd2f-4713-b016-57edacb325d5	1	American Psycho	7	3.3970755161024444	2XTGgYVwL96mQ9pUNAIQZF	a48916e0-e793-4c5b-b4dc-400c40fb64de	7c78822b-0159-4631-96f9-4b6a1f4cee94
87315b6f-045a-4650-bb42-8792e4001b5c	1	So Bad	13	1.57430924203691913	5Ve4qBYAThGLTOva0hhoTa	724d6e4f-9a71-45fa-800d-d619bc69ee65	b6dfbf06-7590-4f98-8fb2-511b585c2d67
1c935067-671e-46ca-b92b-c57a367dd00d	1	Almost Famous	14	1.40753879388041558	0ANExk8Iu85oqCgk82rG64	724d6e4f-9a71-45fa-800d-d619bc69ee65	b6dfbf06-7590-4f98-8fb2-511b585c2d67
956a8b50-b25c-4e24-acb7-5d5d8f7b6c39	1	Seduction	8	1.37721682637894105	2V7NoXGv2VDnLeTM7w8SFd	724d6e4f-9a71-45fa-800d-d619bc69ee65	b6dfbf06-7590-4f98-8fb2-511b585c2d67
256d3d51-e7f9-4ee5-9f2f-5c8bd9dd8475	1	Not Afraid	7	1.28190660505507936	7Ie9W94M7OjPoZVV216Xus	724d6e4f-9a71-45fa-800d-d619bc69ee65	b6dfbf06-7590-4f98-8fb2-511b585c2d67
31420ec3-74a1-4933-9de0-660415e291e1	1	That's How People	9	3.33413752247489992	6pklPJLF8zwCDwAJ2rV7vn	a48916e0-e793-4c5b-b4dc-400c40fb64de	7c78822b-0159-4631-96f9-4b6a1f4cee94
4af87c3b-817c-4600-82ea-b391d36ef059	1	Purple Pills	10	3.18028910427820888	5IweeQZdY5XEzStLzUJG5t	a48916e0-e793-4c5b-b4dc-400c40fb64de	7c78822b-0159-4631-96f9-4b6a1f4cee94
2837edbd-2164-4cee-bb5b-02089a4b41fb	1	Fight Music	11	3.62435162554318913	3vBv2Tp0kHyBDUBZJr9GXQ	a48916e0-e793-4c5b-b4dc-400c40fb64de	7c78822b-0159-4631-96f9-4b6a1f4cee94
81c13c75-3769-4d6a-9b51-1517465965c3	1	Hey Mr. DJ (Keep Playin' This Song)	7	3.61020858222311336	2L6Dh1e3Z8UsKsmoy74Jjx	39e9b585-9100-435e-9462-8e72a42917d8	67719c0b-0dd5-4f70-b070-192ddb148962
6ec6246c-62fe-40ea-b29d-660e43c71517	1	Pimp Like Me	13	2.99497159323198892	08TchR5zJ1M9TgcGAYe4cd	a48916e0-e793-4c5b-b4dc-400c40fb64de	7c78822b-0159-4631-96f9-4b6a1f4cee94
df5a5b72-4e73-4de2-bc8b-dc4ebd89415c	1	Blow My Buzz	14	2.59286776639729055	2KhqckvNfZNCc2uAjk1Whg	a48916e0-e793-4c5b-b4dc-400c40fb64de	7c78822b-0159-4631-96f9-4b6a1f4cee94
3de22de2-921e-4885-984c-b9b75b1e6672	1	Obie Trice	15	2.49382714165581598	2ToIEazLuiFlPJ6UuYjvnn	a48916e0-e793-4c5b-b4dc-400c40fb64de	7c78822b-0159-4631-96f9-4b6a1f4cee94
1bfb6817-99f6-4e2d-925c-62dd591c96b0	1	Devils Night	16	3.08024698893229143	1fQFC018fCafNhHbN4CNoO	a48916e0-e793-4c5b-b4dc-400c40fb64de	7c78822b-0159-4631-96f9-4b6a1f4cee94
03f81e34-2800-4315-8744-4a36ee370f47	1	Revelation	18	3.69753087361653687	4kDKnmrjIAMp25M8NgP6YP	a48916e0-e793-4c5b-b4dc-400c40fb64de	7c78822b-0159-4631-96f9-4b6a1f4cee94
89b05891-4301-4eb9-b758-d778071fdc47	1	Orion	7	4.1991584444889547	2HD5BWFthrNf2uFyEhi53d	6926424e-b55c-42be-bdb4-697ba504ebf3	a77cb218-c5de-4b07-ba18-a59f3289c82d
d65bdcbe-6451-423d-a756-ea16c3ce9273	1	Leper Messiah	6	3.84897113125655377	6XN00D9ejjEt1cW1sY44Gu	6926424e-b55c-42be-bdb4-697ba504ebf3	a77cb218-c5de-4b07-ba18-a59f3289c82d
834c4c86-0ec2-49d4-99d5-af39f862d889	1	Master Of Puppets	2	4.46360873839642913	2MuWTIM3b0YEAskbeeFE1i	6926424e-b55c-42be-bdb4-697ba504ebf3	a77cb218-c5de-4b07-ba18-a59f3289c82d
93f1db06-2965-4cc9-bb07-f5a45ebe4e70	1	The Thing That Should Not Be	3	3.52030373667725272	7vFC68CBMKu99p4tIz6yzx	6926424e-b55c-42be-bdb4-697ba504ebf3	a77cb218-c5de-4b07-ba18-a59f3289c82d
fa530767-f492-4e70-b83a-da1502e46678	1	Welcome Home (Sanitarium)	4	3.35124297031710139	4TktvZTsMoFukiim1otMtr	6926424e-b55c-42be-bdb4-697ba504ebf3	a77cb218-c5de-4b07-ba18-a59f3289c82d
c2546cfc-175b-40e1-9d37-82c029b85328	1	Disposable Heroes	5	4.0105329501530802	4tPHBRIPsB55nssjvKDbjj	6926424e-b55c-42be-bdb4-697ba504ebf3	a77cb218-c5de-4b07-ba18-a59f3289c82d
eaa73ddd-8d23-43a7-a251-95b7d3c9ed65	1	Damage, Inc.	8	3.72453909102169156	3n7b078PcVbHhUaYhBWIgZ	6926424e-b55c-42be-bdb4-697ba504ebf3	a77cb218-c5de-4b07-ba18-a59f3289c82d
d1a43889-86fc-4e22-9376-dfb720b05d2a	2	Stone Cold Crazy	10	2.69964925541529643	57jNlMob42pJrsKGorpdiY	ed5b5030-d19e-4631-930d-9186354ff578	a77cb218-c5de-4b07-ba18-a59f3289c82d
ab941931-69f7-456c-80a5-d3e1480bd66d	1	Set Adrift on Memory Bliss	8	2.44826834617180245	493rl5ffrRvS5uPbRfwVFh	39e9b585-9100-435e-9462-8e72a42917d8	67719c0b-0dd5-4f70-b070-192ddb148962
29a12ad7-d93a-4c32-b4fc-5d2fd01d0cf3	1	As Long as You Love Me	2	3.54629626274108833	3UpS7kBnkVQYG13pDDFTC4	39e9b585-9100-435e-9462-8e72a42917d8	67719c0b-0dd5-4f70-b070-192ddb148962
e307ee1b-243f-4307-b084-bda4dff249cb	1	All I Have to Give	3	3.56481477949354364	2aNG1zFgAuHqYWhNbiIOF8	39e9b585-9100-435e-9462-8e72a42917d8	67719c0b-0dd5-4f70-b070-192ddb148962
965028bd-7822-4a2e-93f0-096bde158bc1	1	Better Than You	5	3.39995377093205819	52TariT5sfkYzKRwdVMrRw	9bea4f84-7796-408f-aa2d-60c0adb79506	a77cb218-c5de-4b07-ba18-a59f3289c82d
580e44c9-3d32-433e-bf24-d6698a91a2dc	1	Carpe Diem Baby	7	3.34398654295248488	5Raz1bgliM4doMnDaOyElV	9bea4f84-7796-408f-aa2d-60c0adb79506	a77cb218-c5de-4b07-ba18-a59f3289c82d
c0834f3d-3cbe-4b43-be1a-357e8988d3cc	1	Instigator	12	2.58302991294531958	0Ry7r99zkyV0OAcPQytzDe	a48916e0-e793-4c5b-b4dc-400c40fb64de	7c78822b-0159-4631-96f9-4b6a1f4cee94
627985d7-6609-41be-99e1-4b59f92e0ae8	1	Low Man's Lyric	11	3.61134672461634709	540SK3uC90geLZkbZrnpH9	9bea4f84-7796-408f-aa2d-60c0adb79506	a77cb218-c5de-4b07-ba18-a59f3289c82d
fe849844-0ce4-4f51-9918-6963929e373e	1	Bad Seed	8	3.69293551244804252	424n1SLlo8uYe5d9WzMrNj	9bea4f84-7796-408f-aa2d-60c0adb79506	a77cb218-c5de-4b07-ba18-a59f3289c82d
19c06030-b3cd-4aaa-96fb-8d78a1074440	1	Everybody (Backstreet's Back) - Radio Edit	1	3.45111117892795161	1di1BEgJYzPvXUuinsYJGP	39e9b585-9100-435e-9462-8e72a42917d8	67719c0b-0dd5-4f70-b070-192ddb148962
424c7c68-7456-436f-a16f-fcc9f5723a9c	1	Prince Charming	10	2.7239117554316028	26A8IIHFL1Y9GufqR3I65T	9bea4f84-7796-408f-aa2d-60c0adb79506	a77cb218-c5de-4b07-ba18-a59f3289c82d
99d5f134-8d2c-4533-97e5-8f1f5bb25be3	1	Where The Wild Things Are	9	3.637706179146587	4y8YNER0bmZhPOTJr76IiR	9bea4f84-7796-408f-aa2d-60c0adb79506	a77cb218-c5de-4b07-ba18-a59f3289c82d
e23dbcc9-7a09-4164-9abd-b2f1c8a5b225	2	The Prince	9	2.64712002537884405	4zQDbahu9jdsTPyxdnYRPw	ed5b5030-d19e-4631-930d-9186354ff578	a77cb218-c5de-4b07-ba18-a59f3289c82d
99874f08-e567-4e38-9207-410d83cb8b7d	1	Like A Child	6	2.82709159608433236	5CMdasTE4CPRNSC9VSJrsz	39e9b585-9100-435e-9462-8e72a42917d8	67719c0b-0dd5-4f70-b070-192ddb148962
0fd2c8f6-4d6c-41d0-895a-2bff686ef83f	1	10.000 Promises	5	2.87470678803138746	1GBr3WGJzV6lGycAS8SBbv	39e9b585-9100-435e-9462-8e72a42917d8	67719c0b-0dd5-4f70-b070-192ddb148962
ad37e60c-940a-48d8-864b-89092565c9ee	1	Fixxxer	13	4.13512103279552079	3nPUPTVGhcRStUxcvM5xtI	9bea4f84-7796-408f-aa2d-60c0adb79506	a77cb218-c5de-4b07-ba18-a59f3289c82d
27253dfd-3440-4dd7-9a23-4e9f8c716e27	1	That's The Way I Like It	4	3.59911790894063621	5jZlPGOiYTcBjgVCXofrOz	39e9b585-9100-435e-9462-8e72a42917d8	67719c0b-0dd5-4f70-b070-192ddb148962
49380953-9027-47f6-8164-42ef0b4af1b1	1	Attitude	12	2.34963906812824819	3mvunz8CB5WH2yLigeRw1w	9bea4f84-7796-408f-aa2d-60c0adb79506	a77cb218-c5de-4b07-ba18-a59f3289c82d
4e9c1c82-8d8a-4797-970a-ef8cbed6eef8	2	So What	11	3.21525273135351508	16RFzt9hlQ3OCPQf5AmhpU	ed5b5030-d19e-4631-930d-9186354ff578	a77cb218-c5de-4b07-ba18-a59f3289c82d
985ffd6c-4a33-43b2-9982-aac343df1677	1	Slither	6	2.80519959266540164	4E8tO8klOrcNGojpOvttMD	9bea4f84-7796-408f-aa2d-60c0adb79506	a77cb218-c5de-4b07-ba18-a59f3289c82d
3e46ba59-344a-41d1-8a9c-68f67ff4c647	1	That's What She Said	9	2.72888532169449149	7iiPCPiyAcKTwFfElnQUB9	39e9b585-9100-435e-9462-8e72a42917d8	67719c0b-0dd5-4f70-b070-192ddb148962
ce2b5ea0-4ef2-46cd-a5a0-36cd9c87187a	1	The One	8	3.35170015622222461	44kgtDJyAFv4Z01z7bIxco	2e6c0822-723d-4072-9e17-ae605ea53649	67719c0b-0dd5-4f70-b070-192ddb148962
775241cf-5967-429b-afa9-a64106999e63	1	Bye Bye Bye	1	3.59848100874159105	3YLRj8jn1WE76euQIm5MPo	3394b5d7-16fc-4266-92c6-a40c66debb51	1a6a4d8d-526c-4000-8439-28a635b55d1f
2e8936ff-db64-4dc4-b285-9a2e2cd6c076	1	The Perfect Fan	12	2.00201337774132559	5XgxLtOR4oKxnfA7Fb4968	2e6c0822-723d-4072-9e17-ae605ea53649	67719c0b-0dd5-4f70-b070-192ddb148962
28babf47-07b6-4c3c-940b-c0f22e06fe87	1	Battery	1	3.79926915110713548	6UB9mShVLbMm0W4e6vud4C	6926424e-b55c-42be-bdb4-697ba504ebf3	a77cb218-c5de-4b07-ba18-a59f3289c82d
52971f98-ea88-49a5-8b3b-dec2d593832d	1	It's Gonna Be Me	2	3.49856435002996591	1zDtC3p77g97HGRH3Xl1ri	3394b5d7-16fc-4266-92c6-a40c66debb51	1a6a4d8d-526c-4000-8439-28a635b55d1f
342118c6-56c9-497e-8901-f562f4fd069b	1	No One Else Comes Close	11	3.39623564765450547	0z5WHJfqHxZxZnuDLrKWH2	2e6c0822-723d-4072-9e17-ae605ea53649	67719c0b-0dd5-4f70-b070-192ddb148962
9b3c1cbb-8aff-4bac-bce1-07817f1bf076	1	Spanish Eyes	10	3.197677718680068	6YcEWhjxFqALvaRYtZVAqS	2e6c0822-723d-4072-9e17-ae605ea53649	67719c0b-0dd5-4f70-b070-192ddb148962
f77a8ad8-3b3e-4425-ac9e-9962cac985a3	1	Back to Your Heart	9	2.19763826660158079	0rVPrbLlFgLtJWd31gM5Cw	2e6c0822-723d-4072-9e17-ae605ea53649	67719c0b-0dd5-4f70-b070-192ddb148962
2da90309-b493-40ab-98b5-86521a90f756	1	Larger Than Life	1	3.53908659379281421	6sbXGUn9V9ZaLwLdOfpKRE	2e6c0822-723d-4072-9e17-ae605ea53649	67719c0b-0dd5-4f70-b070-192ddb148962
2f446ed9-e10a-45f8-aa17-d1e7bd90c006	1	Yes I Will	11	1.87455999024671582	09Lm1APnjv02a2NteZFwqV	ff3ae456-d125-4847-a775-a631464a367c	67719c0b-0dd5-4f70-b070-192ddb148962
03a9a69b-764a-4f9a-ab57-e06460ffa3ef	1	Time	9	1.80912649458174757	7zi3SpKZ7UFh0OBZzlAYy9	ff3ae456-d125-4847-a775-a631464a367c	67719c0b-0dd5-4f70-b070-192ddb148962
fb71ead7-daf0-481c-affd-9e8d09f87b00	1	Show Me the Meaning of Being Lonely	3	3.52137167944087359	3BsaRV5QIulYz2lV9WWa8T	2e6c0822-723d-4072-9e17-ae605ea53649	67719c0b-0dd5-4f70-b070-192ddb148962
04e62391-bd1f-4197-8c80-355cca841290	1	It's Gotta Be You	4	3.50531754258578543	2vZALCthE0GRzGXXGK67Qt	2e6c0822-723d-4072-9e17-ae605ea53649	67719c0b-0dd5-4f70-b070-192ddb148962
9f0e60d0-7d84-42b9-a37b-0cab9b1de292	1	Shining Star	4	1.71915537781024952	1agsZFVkFDxdX3mFRWUQFh	ff3ae456-d125-4847-a775-a631464a367c	67719c0b-0dd5-4f70-b070-192ddb148962
35ac76fe-0f72-4497-ab4a-3bb1636a8b37	1	I Need You Tonight	5	3.31432872343605611	5VjlmjJ1peXIjcuecCdfx1	2e6c0822-723d-4072-9e17-ae605ea53649	67719c0b-0dd5-4f70-b070-192ddb148962
ae538592-6d33-449b-b155-4743d8263419	1	Shape of My Heart	2	3.59031699763403989	35o9a4iAfLl5jRmqMX9c1D	ff3ae456-d125-4847-a775-a631464a367c	67719c0b-0dd5-4f70-b070-192ddb148962
75acab03-ad8e-4d05-852a-f8e043b35b18	1	Don't Wanna Lose You Now	7	3.53022994115923261	6gPVAM9CNj1uQQtGK0eYzZ	2e6c0822-723d-4072-9e17-ae605ea53649	67719c0b-0dd5-4f70-b070-192ddb148962
8320a6bf-74e8-43d2-8ea3-69835ceb1537	1	I Promise You (With Everything I Am)	5	1.66482542331237515	3Bf9g7reIFWoQBmlHpA6MN	ff3ae456-d125-4847-a775-a631464a367c	67719c0b-0dd5-4f70-b070-192ddb148962
cc75bb7c-1cf3-4460-810b-8826444dacf6	1	Everyone	7	1.39816915643391915	464iersUDsSz3mIToTEWvK	ff3ae456-d125-4847-a775-a631464a367c	67719c0b-0dd5-4f70-b070-192ddb148962
911c4faa-dca3-4df4-9940-a617220e896a	1	This I Promise You	6	3.51070979329977906	5qVSMfNDNpDqEpvN4l4HGT	3394b5d7-16fc-4266-92c6-a40c66debb51	1a6a4d8d-526c-4000-8439-28a635b55d1f
dc0285d8-8b91-4a8f-aa59-1052c261db1d	1	Fuel	1	3.8998329198825985	1tTPC0hsnXq1IGpvWY54JC	9bea4f84-7796-408f-aa2d-60c0adb79506	a77cb218-c5de-4b07-ba18-a59f3289c82d
085fb752-0f27-45b9-a912-e729f62c2172	2	Damage Case - Live	14	2.59568060186309113	03093qusIZTYvDLvZ4WW39	ed5b5030-d19e-4631-930d-9186354ff578	a77cb218-c5de-4b07-ba18-a59f3289c82d
8aece3f1-0847-47df-a2c7-bb2d327bf0df	2	Too Late Too Late - Live	16	2.5997701209246693	5sNlSRWUs6gCyJ4lLooK0f	ed5b5030-d19e-4631-930d-9186354ff578	a77cb218-c5de-4b07-ba18-a59f3289c82d
1e6fef44-37de-41c4-9dda-d14e66df2069	1	No Strings Attached	7	3.29089779452065256	0wBpe3wt2V1EH5bT6jUds6	3394b5d7-16fc-4266-92c6-a40c66debb51	1a6a4d8d-526c-4000-8439-28a635b55d1f
64c97349-9759-4575-8dd5-b8a68cfa04f1	1	I Want It That Way	2	3.60036585092236283	47BBI51FKFwOMlIiX6m8ya	2e6c0822-723d-4072-9e17-ae605ea53649	67719c0b-0dd5-4f70-b070-192ddb148962
75cb939b-ad89-49b6-bed6-3a75cdd510c4	1	Just Got Paid	4	2.36161510722542811	6B0al5KwqPh29t0T3d1z9m	3394b5d7-16fc-4266-92c6-a40c66debb51	1a6a4d8d-526c-4000-8439-28a635b55d1f
506bc72c-6443-4cd7-8e2e-8b9f5503a283	1	Space Cowboy (Yippie-Yi-Yay) (feat. Lisa "Left Eye" Lopes)	3	2.93110187979942793	4JQZFr7z6jOeGhRIt8aFQK	3394b5d7-16fc-4266-92c6-a40c66debb51	1a6a4d8d-526c-4000-8439-28a635b55d1f
67dce359-f7e4-47ad-b664-f36713dc6f26	1	Digital Get Down	8	3.34105363322944848	69tzD4GOhGGpFHgHdXc52k	3394b5d7-16fc-4266-92c6-a40c66debb51	1a6a4d8d-526c-4000-8439-28a635b55d1f
7d3e0b9a-5218-4547-be76-1f75616ab32a	1	It Makes Me Ill	5	2.67162948314613491	5v9P9kvS1EEld3nBNSJc9y	3394b5d7-16fc-4266-92c6-a40c66debb51	1a6a4d8d-526c-4000-8439-28a635b55d1f
1aeb9e0e-f135-4da9-b54a-ec57f84f6eba	1	If I Don't Have You	11	2.66872933073972218	6h4JFamZhYCPtR6WkrFdv4	39e9b585-9100-435e-9462-8e72a42917d8	67719c0b-0dd5-4f70-b070-192ddb148962
23ae91cd-a5c1-41e7-adf0-1e325eb5c93e	1	Not for Me	10	3.05106264129994198	4F881nJKIeP4y6DiIKhsCx	ff3ae456-d125-4847-a775-a631464a367c	67719c0b-0dd5-4f70-b070-192ddb148962
d167189c-f0f3-495b-8a3f-24654c3744fa	1	The Answer to Our Life	6	3.13424907605047309	3BpjGJcn3ethvch0CJsqXo	ff3ae456-d125-4847-a775-a631464a367c	67719c0b-0dd5-4f70-b070-192ddb148962
6382c3fd-d893-4761-9516-fe9d2047010c	1	How Did I Fall in Love with You	13	3.19762922792553939	51gg9koXM8xJTFPZlcE7YC	ff3ae456-d125-4847-a775-a631464a367c	67719c0b-0dd5-4f70-b070-192ddb148962
e9f6c3e4-4499-4e52-80bb-2c52d055e748	1	The Call	1	3.32438953167567242	1mxTCArq9EhSg4QPGqhjhT	ff3ae456-d125-4847-a775-a631464a367c	67719c0b-0dd5-4f70-b070-192ddb148962
3e55d233-7fd6-42d4-98b8-636ac074cc1a	1	More Than That	8	3.39569221225878426	4XRUKxDIn28c7uHEzbGFgj	ff3ae456-d125-4847-a775-a631464a367c	67719c0b-0dd5-4f70-b070-192ddb148962
c2f54565-7006-4c67-8641-b3874534e313	1	It's True	12	3.53433630907098539	53PfD1XKQFSswX2wOmKLd1	ff3ae456-d125-4847-a775-a631464a367c	67719c0b-0dd5-4f70-b070-192ddb148962
933ebd39-71e1-45a6-8437-49cf1f1c782f	1	Get Another Boyfriend	3	2.93496984341955924	3nx5PkGa2sJyXVJzqE4eYM	ff3ae456-d125-4847-a775-a631464a367c	67719c0b-0dd5-4f70-b070-192ddb148962
2c4073b2-e552-4b8a-af65-79702e67a870	1	Don't Want You Back	6	2.84539984629183529	2EgIkNeq1Tsx1JamvF6JWg	2e6c0822-723d-4072-9e17-ae605ea53649	67719c0b-0dd5-4f70-b070-192ddb148962
1b7114d3-58b5-4e25-a387-92c10ef178f7	1	Bringin' Da Noise	9	2.83585819652469606	5FdpW3RtbvN7U8UcdzcldT	3394b5d7-16fc-4266-92c6-a40c66debb51	1a6a4d8d-526c-4000-8439-28a635b55d1f
44d13ac9-4eb4-447e-be45-3c3b5eecf49a	1	If You Want to Be a Good Girl (Get Yourself a Bad Boy)	10	3.07458723539037626	0SyPNRaOlEonBpX2ZbupNk	39e9b585-9100-435e-9462-8e72a42917d8	67719c0b-0dd5-4f70-b070-192ddb148962
71b12041-a750-4b19-878e-67d35dbeaa72	2	Killing Time	12	3.81400245701492047	6uJLRmfn7sXpOR7IT77hdO	ed5b5030-d19e-4631-930d-9186354ff578	a77cb218-c5de-4b07-ba18-a59f3289c82d
ee4def5b-2a39-42d2-ad83-91dfecbc3bec	2	Overkill - Live	13	2.60181488045545795	5br84bh8fxhNWjZZBDq1ql	ed5b5030-d19e-4631-930d-9186354ff578	a77cb218-c5de-4b07-ba18-a59f3289c82d
94e2b25b-1dbe-4e3d-b2de-c60ba6f619aa	1	Lithium	5	2.72312493087033625	07hCnHx9DhqZg5eN6RvCbd	bf57df2c-b7b8-4b68-a411-54b140e06acb	25fc6164-0b9b-40f4-a61e-7f76fd5523c1
c8e7be19-f7ba-420a-89c9-ea2409771366	2	Stone Dead Forever - Live	15	2.5997701209246693	7FEs6tJBucfchOJgjCn7S9	ed5b5030-d19e-4631-930d-9186354ff578	a77cb218-c5de-4b07-ba18-a59f3289c82d
0305f85a-3eea-42d6-813a-3eca77453c52	1	On A Plain	11	1.65043671781162615	7ACz2RanNIfGzr4J3VDDbI	bf57df2c-b7b8-4b68-a411-54b140e06acb	25fc6164-0b9b-40f4-a61e-7f76fd5523c1
9b9870a9-6a45-4bb2-99e5-cfad5c63c036	1	Stay Away	10	1.90788195132846394	1KI5l6Ek0Oj3UeTZqpTKdA	bf57df2c-b7b8-4b68-a411-54b140e06acb	25fc6164-0b9b-40f4-a61e-7f76fd5523c1
548e7d7c-4b82-47fc-ad7a-e4f8d039a7c7	1	Lounge Act	9	1.81491563669446299	02UGlYzodYMeucgYo5DSHs	bf57df2c-b7b8-4b68-a411-54b140e06acb	25fc6164-0b9b-40f4-a61e-7f76fd5523c1
00d4d684-403f-4a4a-99d3-8fdf629162c9	1	Drain You	8	1.46450408854362446	3LqBsbKFW6PTjUmmickpt0	bf57df2c-b7b8-4b68-a411-54b140e06acb	25fc6164-0b9b-40f4-a61e-7f76fd5523c1
3f63695c-f9de-450f-af12-3dcab8610f58	1	Polly	6	2.60155357453680036	4VYbDiokszg5vrXmHxoMtC	bf57df2c-b7b8-4b68-a411-54b140e06acb	25fc6164-0b9b-40f4-a61e-7f76fd5523c1
62f2e9fa-1618-4247-a5a8-55eebaf01830	1	In Bloom - Nevermind Version	2	3.13454784817165866	55n69wdvbtg1VmQ9rci2WE	bf57df2c-b7b8-4b68-a411-54b140e06acb	25fc6164-0b9b-40f4-a61e-7f76fd5523c1
4a80beb0-edf0-4875-81e4-0b5f6711562e	1	Breed	4	2.00084826596246446	5drcC8MOaSDONgXJbWbMJp	bf57df2c-b7b8-4b68-a411-54b140e06acb	25fc6164-0b9b-40f4-a61e-7f76fd5523c1
0f570aee-9557-4934-a885-c4efa8f8c8e4	1	Come As You Are	3	3.43631097716783396	7aCSKL5LmVhakVs0l483B5	bf57df2c-b7b8-4b68-a411-54b140e06acb	25fc6164-0b9b-40f4-a61e-7f76fd5523c1
8f15ddf2-badb-4a6e-8512-5f6b150e0402	1	Smells Like Teen Spirit	1	3.06638514770680537	75aLTVBSGIquqzQ6AkmK3Q	bf57df2c-b7b8-4b68-a411-54b140e06acb	25fc6164-0b9b-40f4-a61e-7f76fd5523c1
43ce0cf6-69c9-4778-b9d7-d670c7a9153b	1	Territorial Pissings	7	3.55780469830556667	4zZh3CwOCWGjxxfXNocAOe	bf57df2c-b7b8-4b68-a411-54b140e06acb	25fc6164-0b9b-40f4-a61e-7f76fd5523c1
fa816ce5-7a01-456e-bb94-62ae1eb7e6af	1	Something Like You	12	2.14994273135501412	5gKkKkmEjQYURP51QWVwpx	9545b959-0e3b-43b9-99a5-e5a777ebad21	1a6a4d8d-526c-4000-8439-28a635b55d1f
38a2933a-9e24-4a2d-ae37-46822c7c0b52	1	Selfish	10	2.29780937014612352	3XUvZYfY9jamvmBydhnydp	9545b959-0e3b-43b9-99a5-e5a777ebad21	1a6a4d8d-526c-4000-8439-28a635b55d1f
dcd34aba-6cef-410a-bcaf-64ead49d2dd8	1	Wanna Be Startin' Somethin'	1	3.54515165465492554	5UcjrRqjE5JucLSxIeycQ7	ba2d22f8-c418-41b0-ac6e-0e67c91c9522	6fc5b035-80ad-4e3e-b22b-3eede1dcd29d
fe1b1107-3ad3-4293-b3b4-1487383b5e51	1	Don't Stop 'Til You Get Enough	1	3.34309655165001862	46eu3SBuFCXWsPT39Yg3tJ	8d9ab4bd-8283-4217-af4d-5ba3ae54c701	6fc5b035-80ad-4e3e-b22b-3eede1dcd29d
2a8e0ef3-87b1-49b8-b3cb-0bae003d4dd6	1	Just Don't Tell Me That	11	3.03300380546476767	2MGhn6Vx99NyvCC8HU6dOX	9545b959-0e3b-43b9-99a5-e5a777ebad21	1a6a4d8d-526c-4000-8439-28a635b55d1f
ab21ef9f-8945-465d-bafc-f6fa889bcbec	1	If I'm Not the One	13	3.08499469638757606	4D5hwv8tQk2rI1TxdEQYnG	3394b5d7-16fc-4266-92c6-a40c66debb51	1a6a4d8d-526c-4000-8439-28a635b55d1f
2f8c95ae-f373-4fd7-a0be-f175011c3cf3	1	Do Your Thing	15	3.10927974377905025	7n5Cc9l8ngpSFqbNlHwdHe	9545b959-0e3b-43b9-99a5-e5a777ebad21	1a6a4d8d-526c-4000-8439-28a635b55d1f
60409f26-398f-49f9-b869-75254209f93d	1	I'll Never Stop	14	3.20849883892968268	2pHzhaMPC5bhGg1UFfSXSb	3394b5d7-16fc-4266-92c6-a40c66debb51	1a6a4d8d-526c-4000-8439-28a635b55d1f
ea73abbc-981d-4032-983f-e272eaf9e9c1	1	That Girl (Will Never Be Mine)	13	2.1271597446944579	3geVdgv15Mwxg2KYR9tetV	9545b959-0e3b-43b9-99a5-e5a777ebad21	1a6a4d8d-526c-4000-8439-28a635b55d1f
2a89930e-4343-4ea8-9e54-04a4f1918020	1	Falling	14	2.09965034295672792	6KdqvpdbTqPqajhMnps7rn	9545b959-0e3b-43b9-99a5-e5a777ebad21	1a6a4d8d-526c-4000-8439-28a635b55d1f
d790430f-7218-43d3-975c-ace6b96b3030	1	Rock with You - Single Version	2	2.45878532900393187	7oOOI85fVQvVnK5ynNMdW7	8d9ab4bd-8283-4217-af4d-5ba3ae54c701	6fc5b035-80ad-4e3e-b22b-3eede1dcd29d
0aa37b67-296d-4a96-99a9-dab98ea73aac	1	I'll Be Good For You	11	2.1889650132921008	3Mpp2MRKjrtblEVHgjRp7o	3394b5d7-16fc-4266-92c6-a40c66debb51	1a6a4d8d-526c-4000-8439-28a635b55d1f
f62b139d-5c73-41ac-92fe-387fbf41d9c4	1	That's When I'll Stop Loving You	10	2.97968365287867876	6guzi981hr1MX0SWC2OhVX	3394b5d7-16fc-4266-92c6-a40c66debb51	1a6a4d8d-526c-4000-8439-28a635b55d1f
616503e8-3f76-45d5-9718-7a16d6a9b79e	1	I Thought She Knew	12	3.44863305235482365	69PPVQRjBuehAeneZc8jk7	3394b5d7-16fc-4266-92c6-a40c66debb51	1a6a4d8d-526c-4000-8439-28a635b55d1f
ccb9eb89-9679-4892-a847-8bef5ba9980d	1	If Only in Heaven's Eyes	15	2.81009571440814598	1sLzdIOOLtAQbTwVJSHk26	3394b5d7-16fc-4266-92c6-a40c66debb51	1a6a4d8d-526c-4000-8439-28a635b55d1f
dd197943-55ca-4431-9427-dee095fc2afd	1	The Game Is Over	3	2.791971314770477	54mxSb8VlMvj1QB2ryB9Rd	9545b959-0e3b-43b9-99a5-e5a777ebad21	1a6a4d8d-526c-4000-8439-28a635b55d1f
58139d80-25f5-4dd4-acfe-4c05314f745e	1	Tell Me, Tell Me...Baby	7	3.06820150362552457	6cz5kjdKVCQZU2n2ojaZVT	9545b959-0e3b-43b9-99a5-e5a777ebad21	1a6a4d8d-526c-4000-8439-28a635b55d1f
440f985d-aec7-4381-8698-49f06c24ba67	1	She's Out of My Life - Single Version	7	2.79186364987101587	6NGsHLZYGVAkXTFr75WWnn	8d9ab4bd-8283-4217-af4d-5ba3ae54c701	6fc5b035-80ad-4e3e-b22b-3eede1dcd29d
b6d32ac7-c204-484b-b4d1-9088181b281a	1	Pop	1	2.96528676911953593	0yRZqco2Jy8z6KAYlI6qcZ	9545b959-0e3b-43b9-99a5-e5a777ebad21	1a6a4d8d-526c-4000-8439-28a635b55d1f
9a8a67a1-1222-4b6d-8e69-c18b0d57c18f	1	Burn This Disco Out	10	2.8668638106871418	6aCs8gCrp4yrwvw7ylhau2	8d9ab4bd-8283-4217-af4d-5ba3ae54c701	6fc5b035-80ad-4e3e-b22b-3eede1dcd29d
9417ef73-e499-4217-b48f-19d0384482a4	1	Celebrity	2	2.54014708034930692	7hC9DtDn0l8HHza7PtpBUd	9545b959-0e3b-43b9-99a5-e5a777ebad21	1a6a4d8d-526c-4000-8439-28a635b55d1f
ac62f2d5-77e1-4550-b301-0dfa893ccfdd	1	The Two Of Us	5	2.6970588708386849	2POkp1k4kaOaEp3eHEfple	9545b959-0e3b-43b9-99a5-e5a777ebad21	1a6a4d8d-526c-4000-8439-28a635b55d1f
b0ec58a3-f9ab-4006-96ae-cc7ef2f7888e	1	Up Against The Wall	8	2.59921976485862061	58w1Tgs3Ols5aWH45FIevg	9545b959-0e3b-43b9-99a5-e5a777ebad21	1a6a4d8d-526c-4000-8439-28a635b55d1f
3c716186-51fa-45ab-b114-cfbf28e33cb0	1	Get on the Floor	4	2.68686342472843975	78XG7U0UueeC86XpzF9O7f	8d9ab4bd-8283-4217-af4d-5ba3ae54c701	6fc5b035-80ad-4e3e-b22b-3eede1dcd29d
05e90514-d163-4d79-9cc1-08284cd3df01	1	See Right Through You	9	2.62137200569904927	3NHGmrFKolB9hxZN2Znt1S	9545b959-0e3b-43b9-99a5-e5a777ebad21	1a6a4d8d-526c-4000-8439-28a635b55d1f
4249649e-f867-4cb8-b4ec-40a3622f41e2	1	Girlfriend	4	2.56506835129478894	1TKp1y02kKwtix0PNJajod	9545b959-0e3b-43b9-99a5-e5a777ebad21	1a6a4d8d-526c-4000-8439-28a635b55d1f
ac947d9d-aad5-43e0-bdfb-e6954cb89236	1	Off the Wall	5	2.59186322102801325	3zYpRGnnoegSpt3SguSo3W	8d9ab4bd-8283-4217-af4d-5ba3ae54c701	6fc5b035-80ad-4e3e-b22b-3eede1dcd29d
b53e8243-1263-4803-888a-83dbd0548c06	1	Gone	6	2.64167824760352765	0YwtVeIg3rNaWBp41HPqsn	9545b959-0e3b-43b9-99a5-e5a777ebad21	1a6a4d8d-526c-4000-8439-28a635b55d1f
a0f1e10d-f4e2-4058-b8f9-26d46eaa9181	1	Girlfriend	6	2.33686267425318484	1nCV2d1RAch7t2kRmwet5N	8d9ab4bd-8283-4217-af4d-5ba3ae54c701	6fc5b035-80ad-4e3e-b22b-3eede1dcd29d
eb6e2713-a98b-40b2-bc05-61fe693c31eb	1	I Can't Help It	8	2.28436256168189677	1HibhNhwk2tljwC4BGGLXV	8d9ab4bd-8283-4217-af4d-5ba3ae54c701	6fc5b035-80ad-4e3e-b22b-3eede1dcd29d
fc4ce91e-6286-409f-ae76-a490c76811a0	1	Thriller	4	3.17104157389058638	42LeFo4FpWub3Jnc8D2lBi	ba2d22f8-c418-41b0-ac6e-0e67c91c9522	6fc5b035-80ad-4e3e-b22b-3eede1dcd29d
7879fd4d-a2f4-4a19-af3b-c5fc50734c7a	1	It's the Falling in Love	9	2.22436243302899594	0CeE7kE8zAnfKIVpdmOaJl	8d9ab4bd-8283-4217-af4d-5ba3ae54c701	6fc5b035-80ad-4e3e-b22b-3eede1dcd29d
b8e449cc-3099-4a26-9792-c709204f9bf3	1	Billie Jean	6	3.30127139607857822	72jCzdkt9bkG2IObmAdncX	ba2d22f8-c418-41b0-ac6e-0e67c91c9522	6fc5b035-80ad-4e3e-b22b-3eede1dcd29d
9a66c786-2e7a-483e-afac-89021e9819b4	1	Workin' Day and Night	3	3.23777690993415046	6BdiFsPMPkSEEO4fFXFVWX	8d9ab4bd-8283-4217-af4d-5ba3ae54c701	6fc5b035-80ad-4e3e-b22b-3eede1dcd29d
ba61fe5e-2308-42f3-b710-07d2413c0970	1	The Way You Make Me Feel - 2012 Remaster	2	3.57153797366311698	76HKOVWqsEg26SECtmw7Rz	ad5fdef5-8051-455e-aaf8-a2c5be6d60eb	6fc5b035-80ad-4e3e-b22b-3eede1dcd29d
f4dd06cf-221f-48c8-a1d0-ba7e1db5c174	1	The Girl Is Mine (with Paul McCartney)	3	2.99498977117795651	7zfPG7cToKakJwXy73lo7h	ba2d22f8-c418-41b0-ac6e-0e67c91c9522	6fc5b035-80ad-4e3e-b22b-3eede1dcd29d
b3e455c1-4ad3-4757-990c-0538a5b2b463	1	Human Nature	7	3.09279632824052886	1ZlpFtt9WSUJ0vfvla1CHV	ba2d22f8-c418-41b0-ac6e-0e67c91c9522	6fc5b035-80ad-4e3e-b22b-3eede1dcd29d
5dc28c3b-b99b-4b9c-8dd2-2b7b770653f6	1	Baby Be Mine	2	2.8751767387763052	3eAA7VhdBGBtv3rhdkAahN	ba2d22f8-c418-41b0-ac6e-0e67c91c9522	6fc5b035-80ad-4e3e-b22b-3eede1dcd29d
489a2f56-b23a-41cb-843c-e06606b560b5	1	P.Y.T. (Pretty Young Thing)	8	2.93386067301384834	6AYvXjCU2nQxUnI4nlIi7A	ba2d22f8-c418-41b0-ac6e-0e67c91c9522	6fc5b035-80ad-4e3e-b22b-3eede1dcd29d
c076fbb5-1e30-4abd-b516-89a68fc59f2a	1	The Lady in My Life	9	2.72846690318244711	04jtidxhW8utPgfeeRHNjA	ba2d22f8-c418-41b0-ac6e-0e67c91c9522	6fc5b035-80ad-4e3e-b22b-3eede1dcd29d
eaa623ec-793c-4c9d-9c17-e478235d7433	1	Speed Demon - 2012 Remaster	3	3.6250159237857642	5SpHSOne318K5q7EBYndT6	ad5fdef5-8051-455e-aaf8-a2c5be6d60eb	6fc5b035-80ad-4e3e-b22b-3eede1dcd29d
02a44263-cb8f-4483-9dbc-2a966a301e49	1	In the Closet	3	3.90005609709701817	5Fy40smNxk0j5OpFMtvfaU	fb82da6d-16c6-4259-895a-a5fc8574bf5b	6fc5b035-80ad-4e3e-b22b-3eede1dcd29d
777f27d5-5663-4c4f-b7e9-e75a8854a416	1	Liberian Girl - 2012 Remastered Version	4	2.82304653537330363	2WzQbiXKpmRNLWXbqo8Z7b	ad5fdef5-8051-455e-aaf8-a2c5be6d60eb	6fc5b035-80ad-4e3e-b22b-3eede1dcd29d
41c7a345-4b6e-4f18-8e79-b23945be97d0	1	Man in the Mirror - 2012 Remaster	7	2.90573789118994608	3c7Ctlw9MKlIQPxRH3fOTt	ad5fdef5-8051-455e-aaf8-a2c5be6d60eb	6fc5b035-80ad-4e3e-b22b-3eede1dcd29d
cf93f94f-52bd-41f9-b058-c7d75a9e03d9	1	Dirty Diana - 2012 Remaster	9	3.47766301085789431	0AcgKF7kbSoCkh3n7vlHwK	ad5fdef5-8051-455e-aaf8-a2c5be6d60eb	6fc5b035-80ad-4e3e-b22b-3eede1dcd29d
932bd485-826e-4bb7-879a-fb4100727f1f	1	Just Good Friends - 2012 Remaster	5	3.53421882861349967	3MayfpbIgeGye2ilwK3LII	ad5fdef5-8051-455e-aaf8-a2c5be6d60eb	6fc5b035-80ad-4e3e-b22b-3eede1dcd29d
408ad9d0-4d2e-48f7-a52c-20dc565d09ab	1	I Just Can't Stop Loving You (feat. Siedah Garrett) - 2012 Remaster	8	3.24179163722442221	5DVK3a3p37V9cLjzNa32Xo	ad5fdef5-8051-455e-aaf8-a2c5be6d60eb	6fc5b035-80ad-4e3e-b22b-3eede1dcd29d
163f9f8e-fd6d-44e6-9567-73f3c69956b6	1	Another Part of Me - 2012 Remaster	6	3.5203684242651887	2hBJgz4Ye9MkkmBbaDTTKx	ad5fdef5-8051-455e-aaf8-a2c5be6d60eb	6fc5b035-80ad-4e3e-b22b-3eede1dcd29d
89ca4ae1-e601-4f15-b004-f53284dffcfe	1	Smooth Criminal - 2012 Remaster	10	3.79299754992007943	5T7ywazdGIydr6JCW6t02j	ad5fdef5-8051-455e-aaf8-a2c5be6d60eb	6fc5b035-80ad-4e3e-b22b-3eede1dcd29d
92bd6e88-da0e-4b42-8bd5-bac184cf55f6	1	Leave Me Alone - 2012 Remaster	11	3.54960816677828994	6pJSulm9EBmsYGnp3uaEFl	ad5fdef5-8051-455e-aaf8-a2c5be6d60eb	6fc5b035-80ad-4e3e-b22b-3eede1dcd29d
b119f1c6-f66a-49c9-af58-97cae708535d	1	Bad - 2012 Remaster	1	3.42687819491408519	2gSNBigeWMVtY3QBIvPAEc	ad5fdef5-8051-455e-aaf8-a2c5be6d60eb	6fc5b035-80ad-4e3e-b22b-3eede1dcd29d
44562db9-19c8-49e9-9601-34cedb939eb1	1	Beat It	5	3.65249591452386202	3bmnmaPdVyl8oMea4MSL1i	ba2d22f8-c418-41b0-ac6e-0e67c91c9522	6fc5b035-80ad-4e3e-b22b-3eede1dcd29d
d69fcc99-0fe3-4ef7-a9b4-689fc5a30ab5	1	Why You Wanna Trip on Me	2	3.56578162014553079	3kFMRdbxcBkPopY8mMFmSU	fb82da6d-16c6-4259-895a-a5fc8574bf5b	6fc5b035-80ad-4e3e-b22b-3eede1dcd29d
a378f225-62ca-445c-9fb7-0dc94048804e	1	Remember the Time	5	3.19989280558379585	4jnFqNWeJCeCRHc4HCdxfd	fb82da6d-16c6-4259-895a-a5fc8574bf5b	6fc5b035-80ad-4e3e-b22b-3eede1dcd29d
fa130e93-a8ca-4094-9e40-2485fdabae51	2	Stranger in Moscow	3	4.49689723907184735	64KrFHj9p5AyCX2yZQr4YJ	910b7b82-ee2d-40b2-bdf3-9434618f9c13	6fc5b035-80ad-4e3e-b22b-3eede1dcd29d
1d081984-d796-4e5a-a7b2-2c233c394905	1	Dangerous	14	4.3369626600679565	3u4RKvwDT3CKeYbjxqXEye	fb82da6d-16c6-4259-895a-a5fc8574bf5b	6fc5b035-80ad-4e3e-b22b-3eede1dcd29d
473449c8-ccda-43c0-a984-d4148d6935e8	1	Gone Too Soon	13	2.31425423905487904	66mXHPRfAwbnNKnTCNpytj	fb82da6d-16c6-4259-895a-a5fc8574bf5b	6fc5b035-80ad-4e3e-b22b-3eede1dcd29d
53945e4c-a875-4062-8659-6a12c1afb9e9	1	Heal the World	7	2.99724669290345069	7woW97CfcWaKtuC6W5BP2K	fb82da6d-16c6-4259-895a-a5fc8574bf5b	6fc5b035-80ad-4e3e-b22b-3eede1dcd29d
8953d831-9fa3-449f-a9fc-1c22bdba8a77	1	Can't Let Her Get Away	6	3.43256056458715531	75yYXB96tX1BlSMgL0SMsA	fb82da6d-16c6-4259-895a-a5fc8574bf5b	6fc5b035-80ad-4e3e-b22b-3eede1dcd29d
047b88a8-f1de-4311-bfde-47500810d505	1	She Drives Me Wild	4	3.50010926881393658	6yLdWiAkS1ZUrTdgm0yKXL	fb82da6d-16c6-4259-895a-a5fc8574bf5b	6fc5b035-80ad-4e3e-b22b-3eede1dcd29d
49c314b6-711f-45dc-aaff-bcf736edee2c	1	Frantic	1	2.46951598265642636	09NpqcWK5TLI86HbHv3N0L	1b3123af-a904-44ad-a9f0-9c4bb7854178	a77cb218-c5de-4b07-ba18-a59f3289c82d
b18ba16c-1509-4edf-8c27-381ae6708967	1	Keep the Faith	12	3.86224537758529474	4J4B9TrVrvQVS6GRPtaxrA	fb82da6d-16c6-4259-895a-a5fc8574bf5b	6fc5b035-80ad-4e3e-b22b-3eede1dcd29d
e4f77cb4-9bb5-4dad-b96b-388e86088966	1	Black or White	8	3.80220208493926703	7EsjkelQuoUlJXEw7SeVV4	fb82da6d-16c6-4259-895a-a5fc8574bf5b	6fc5b035-80ad-4e3e-b22b-3eede1dcd29d
2e41c432-6c8a-475c-b3db-f48b974bd6e8	1	Jam	1	4.00109549182923541	2EI8uljBPaI23VUr2tv4eS	fb82da6d-16c6-4259-895a-a5fc8574bf5b	6fc5b035-80ad-4e3e-b22b-3eede1dcd29d
80039f83-4cce-4d87-b43e-4f9dfba7986b	1	Purify	10	2.55713373624444085	0HZpiUtrwCqKChQn0x6Bqy	1b3123af-a904-44ad-a9f0-9c4bb7854178	a77cb218-c5de-4b07-ba18-a59f3289c82d
99ca6910-f076-4c9b-b55f-9aad23c0cf9d	1	All Within My Hands	11	2.5175944696685737	2XDPSz4jo6FiOoRc7pfgm3	1b3123af-a904-44ad-a9f0-9c4bb7854178	a77cb218-c5de-4b07-ba18-a59f3289c82d
119b54b4-26d3-498b-bc6a-0e4293256067	1	Give In to Me	10	4.38011877665728822	1euDTbMNRPNfKd8zZz4zTT	fb82da6d-16c6-4259-895a-a5fc8574bf5b	6fc5b035-80ad-4e3e-b22b-3eede1dcd29d
f1843d88-9ad6-4adb-bdab-085f0fe1aaa2	1	Will You Be There	11	4.23939230951815915	1igW25R8lnb5ze9GWbuVsl	fb82da6d-16c6-4259-895a-a5fc8574bf5b	6fc5b035-80ad-4e3e-b22b-3eede1dcd29d
6ad202ca-9909-4be4-9ff8-496e72ecbe64	1	Who Is It	9	4.28161024965989867	4HWcWgleTuUAWnVPNwW4CM	fb82da6d-16c6-4259-895a-a5fc8574bf5b	6fc5b035-80ad-4e3e-b22b-3eede1dcd29d
d6b0f7d2-bbc1-4cfa-a1bf-d98d59f03ba3	1	Swap Meet	9	3.60423134612112328	7iU9kLfTsJxwBA931jm3Rv	fe41ae13-9c83-4245-a723-1bbd4417a0a8	25fc6164-0b9b-40f4-a61e-7f76fd5523c1
6c486812-c5b2-4882-874a-743445226bda	1	The Frayed Ends Of Sanity	7	3.04027640680217992	5LnIyDJU1d1dDlsbhZq60l	106df7ab-9578-43b7-b010-2d7c0c73a0df	a77cb218-c5de-4b07-ba18-a59f3289c82d
c2368416-cb6d-4c96-877c-aabd28fd4c37	1	The Shortest Straw	5	3.01396724930613225	2Aqz0jTeEsS6DZbQYqHRGh	106df7ab-9578-43b7-b010-2d7c0c73a0df	a77cb218-c5de-4b07-ba18-a59f3289c82d
899919fd-101c-4c26-a156-4440ea506ad8	1	Eye Of The Beholder	3	3.10547736233586225	7p2yIOf8YXJUSmUnG3TAWr	106df7ab-9578-43b7-b010-2d7c0c73a0df	a77cb218-c5de-4b07-ba18-a59f3289c82d
e0f72c8f-168a-44aa-8970-db553f222547	1	Harvester Of Sorrow	6	3.86043579483113675	1V3wAgMB4ESaN4rStlrUNz	106df7ab-9578-43b7-b010-2d7c0c73a0df	a77cb218-c5de-4b07-ba18-a59f3289c82d
75b6adbd-e7fa-4443-ba7b-4bf58d2fa763	1	One	4	4.54561776614124113	5IX4TbIR5mMHGE4wiWwKW0	106df7ab-9578-43b7-b010-2d7c0c73a0df	a77cb218-c5de-4b07-ba18-a59f3289c82d
080857ff-ef69-4e5b-a4f8-a7ef0951f68f	1	To Live Is To Die	8	4.33857613541147558	6jv5Og00Okb2IMEHuzNTkV	106df7ab-9578-43b7-b010-2d7c0c73a0df	a77cb218-c5de-4b07-ba18-a59f3289c82d
2d1cb90c-b6dd-4775-8522-71838f17a019	1	Dyers Eve	9	4.07891618968961644	2517AuTvR5dMxc7IKG1ThD	106df7ab-9578-43b7-b010-2d7c0c73a0df	a77cb218-c5de-4b07-ba18-a59f3289c82d
0fb1e3e9-00e8-4a81-8dba-05e28305d1d6	2	They Don't Care About Us	2	4.25425476061386476	3wuCCNCnBhJlwkIJTBZFiv	910b7b82-ee2d-40b2-bdf3-9434618f9c13	6fc5b035-80ad-4e3e-b22b-3eede1dcd29d
afc03eca-76a5-4a94-b3b5-676c75865f28	2	Scream	1	4.14582112555205562	4LD5dhQ3kqpqe14sGPDtBC	910b7b82-ee2d-40b2-bdf3-9434618f9c13	6fc5b035-80ad-4e3e-b22b-3eede1dcd29d
a88b0014-693f-49d8-8a24-ad6d9872513f	2	Come Together	8	4.05960749767504314	3tE5OfatEheU3L5nSpW9FD	910b7b82-ee2d-40b2-bdf3-9434618f9c13	6fc5b035-80ad-4e3e-b22b-3eede1dcd29d
a46d0c47-2596-40ec-a9f1-f7457a9a8dc0	2	History	13	4.08360510543462318	1EdzLQKCE066beJkDfaagd	910b7b82-ee2d-40b2-bdf3-9434618f9c13	6fc5b035-80ad-4e3e-b22b-3eede1dcd29d
e7833f36-bbb6-4570-b666-f52167b2a2d7	2	You Are Not Alone	9	4.00805708100631364	3AoeaZs8dFemFJr3JdzOL0	910b7b82-ee2d-40b2-bdf3-9434618f9c13	6fc5b035-80ad-4e3e-b22b-3eede1dcd29d
82d6e80a-4918-4d08-8130-3c8f3dd88266	2	D.S.	6	3.82851942295315473	7roNDDmU52OYgYwCN9SI8E	910b7b82-ee2d-40b2-bdf3-9434618f9c13	6fc5b035-80ad-4e3e-b22b-3eede1dcd29d
fa0489ad-e510-4935-8fff-9a9d1d675404	2	This Time Around	4	3.85073943013795139	6U6Cr0sQTmuvPqEs8iLgPn	910b7b82-ee2d-40b2-bdf3-9434618f9c13	6fc5b035-80ad-4e3e-b22b-3eede1dcd29d
7aad9371-616e-410c-920c-e8fd474f583d	2	Tabloid Junkie	11	3.72719619019048043	7n6DnNdKKhjyDa1GlGgLeQ	910b7b82-ee2d-40b2-bdf3-9434618f9c13	6fc5b035-80ad-4e3e-b22b-3eede1dcd29d
999d34df-d956-48d1-a9f5-b89e705e4011	2	Money	7	3.6969769804191559	2VCSO1mqWPALcPbEQwgSd3	910b7b82-ee2d-40b2-bdf3-9434618f9c13	6fc5b035-80ad-4e3e-b22b-3eede1dcd29d
f6240c59-894c-4a1d-92f3-cce586c898d2	2	2 Bad	12	4.19358132382863946	5Bw9bAHGaykCFLP0VyqNbJ	910b7b82-ee2d-40b2-bdf3-9434618f9c13	6fc5b035-80ad-4e3e-b22b-3eede1dcd29d
73ca2efd-1b3c-4280-947d-f699593df36f	2	Earth Song	5	3.39016595375929786	4GCGH6TJ69neckwITeBFXK	910b7b82-ee2d-40b2-bdf3-9434618f9c13	6fc5b035-80ad-4e3e-b22b-3eede1dcd29d
ea36ec2a-46e1-4acd-a5e8-ef2e7e11b503	1	Sweet Amber	8	2.596673002820308	5fU6qjmD38P90BMsuqpiuU	1b3123af-a904-44ad-a9f0-9c4bb7854178	a77cb218-c5de-4b07-ba18-a59f3289c82d
5388aa2e-686b-403c-9264-d782c247a0df	2	Childhood (Theme from "Free Willy 2")	10	2.38029580807240215	1Cfx6KBsyF0tEKbZbS4faj	910b7b82-ee2d-40b2-bdf3-9434618f9c13	6fc5b035-80ad-4e3e-b22b-3eede1dcd29d
f72b5a0b-ec1f-4d3c-832b-1242ff852619	1	Shoot Me Again	7	2.62039656276582855	2O4M60YhdylyjSNOXQMlIE	1b3123af-a904-44ad-a9f0-9c4bb7854178	a77cb218-c5de-4b07-ba18-a59f3289c82d
649941cf-3ae2-4890-a4e7-3b1b58389505	1	St. Anger	2	2.49951937637674826	3fOc9x06lKJBhz435mInlH	1b3123af-a904-44ad-a9f0-9c4bb7854178	a77cb218-c5de-4b07-ba18-a59f3289c82d
48fdb2a4-13c9-4a75-b451-3779cea2b36a	1	Invisible Kid	5	1.46119119278205578	1mbtnFSKbTmvbYxecgFb57	1b3123af-a904-44ad-a9f0-9c4bb7854178	a77cb218-c5de-4b07-ba18-a59f3289c82d
e5f2037e-f583-4189-957f-4b94f477a457	1	Dirty Window	4	1.61423291367772537	6BW7c1H0hOJ83lcKTbUR47	1b3123af-a904-44ad-a9f0-9c4bb7854178	a77cb218-c5de-4b07-ba18-a59f3289c82d
12dc7248-4b40-4809-afd4-ebad9b022f22	1	My World	6	1.69706796771837354	0rVZ9iDQCmb2nyB8RvfAOv	1b3123af-a904-44ad-a9f0-9c4bb7854178	a77cb218-c5de-4b07-ba18-a59f3289c82d
295e2c65-0385-4bc2-842f-ad5c0fc12db2	1	The Unnamed Feeling	9	2.20741031300006529	6gcGqslzlXlwt4UCjXxrgN	1b3123af-a904-44ad-a9f0-9c4bb7854178	a77cb218-c5de-4b07-ba18-a59f3289c82d
209dbf41-bca0-4e28-85a3-8dc0e31a098a	1	Some Kind Of Monster	3	2.12208992090962756	3mNOQhKgWNgtWIq4SGND8j	1b3123af-a904-44ad-a9f0-9c4bb7854178	a77cb218-c5de-4b07-ba18-a59f3289c82d
c4ca29e7-b73e-46ec-89f7-9c3f575f81ef	1	Paper Cuts	6	3.86730543392269244	0cuawnxMvyCBwZbXtaTxmY	fe41ae13-9c83-4245-a723-1bbd4417a0a8	25fc6164-0b9b-40f4-a61e-7f76fd5523c1
c7cf40b4-4bba-4775-89c0-9c16cd27732c	1	Something In The Way	12	3.33790778225099238	1UHoHmHWdu0EX557Oqoq2P	bf57df2c-b7b8-4b68-a411-54b140e06acb	25fc6164-0b9b-40f4-a61e-7f76fd5523c1
451bdc49-dd81-445e-bff4-6fd9f9c5c0e5	1	Negative Creep	7	3.83498233781055475	5IeTFRymTDiza7DciBD1Gk	fe41ae13-9c83-4245-a723-1bbd4417a0a8	25fc6164-0b9b-40f4-a61e-7f76fd5523c1
44f09d30-2d99-4645-b676-9615c051e335	1	Floyd The Barber	2	3.84874958245090948	0aMqNFBj9KtPTD3c3tByRT	fe41ae13-9c83-4245-a723-1bbd4417a0a8	25fc6164-0b9b-40f4-a61e-7f76fd5523c1
582be2dd-4e5d-4ba4-88ae-c499588633eb	1	Blew	1	3.64182633167634018	7pETV41GUutaZ6KMHMAYIH	fe41ae13-9c83-4245-a723-1bbd4417a0a8	25fc6164-0b9b-40f4-a61e-7f76fd5523c1
7a7d3fc0-edda-4a1c-9ca0-6ae291f627f5	1	Endless, Nameless	13	2.28689839939986506	1uGTyfBZkQpyS0wLEAdlvh	bf57df2c-b7b8-4b68-a411-54b140e06acb	25fc6164-0b9b-40f4-a61e-7f76fd5523c1
a9e6ee1d-acc9-4a90-8c06-5627ca872748	1	Scoff	8	3.87418905624287024	43OH1K8VQSctPPt7982cRF	fe41ae13-9c83-4245-a723-1bbd4417a0a8	25fc6164-0b9b-40f4-a61e-7f76fd5523c1
90712617-9852-4c97-969d-22c59b54da97	1	Big Cheese	12	3.67606044859254144	6ZYvlKKiccbtX1N0lJUonV	fe41ae13-9c83-4245-a723-1bbd4417a0a8	25fc6164-0b9b-40f4-a61e-7f76fd5523c1
5246ffbd-4e75-40c2-b08f-bac9f789fdaa	1	Downer	13	3.59944273928969505	6YL8C91mzH8s0Qd14xBpJd	fe41ae13-9c83-4245-a723-1bbd4417a0a8	25fc6164-0b9b-40f4-a61e-7f76fd5523c1
3dee209c-1a4c-4e42-b477-ecf6f148eef6	1	Sifting	11	3.60901995295255063	4ZWHaSHT6NGehQtNerMgTA	fe41ae13-9c83-4245-a723-1bbd4417a0a8	25fc6164-0b9b-40f4-a61e-7f76fd5523c1
77532e7e-1878-4182-a125-e54fb0e4db24	1	School	4	3.18403109666332451	0EY1Z9UmZnYZyM7zHs6C0j	fe41ae13-9c83-4245-a723-1bbd4417a0a8	25fc6164-0b9b-40f4-a61e-7f76fd5523c1
77f0f41a-c9f3-4e7b-a9e7-34df49139411	1	Mr. Moustache	10	3.58507691879541124	5TZbtpZcTWKEn81Du4hiTb	fe41ae13-9c83-4245-a723-1bbd4417a0a8	25fc6164-0b9b-40f4-a61e-7f76fd5523c1
7b1dad85-1515-4aeb-bf8e-fc2001a52dba	1	Love Buzz	5	3.1099196539984808	5muVpPu8Fj9fXfDbbqDdrZ	fe41ae13-9c83-4245-a723-1bbd4417a0a8	25fc6164-0b9b-40f4-a61e-7f76fd5523c1
b77cff0b-a2d4-41fd-8137-2fd56f8de394	1	Even In His Youth - B-Side	14	2.46567983913246902	2sPgC35My3D4jrpoyTlBpX	bf57df2c-b7b8-4b68-a411-54b140e06acb	25fc6164-0b9b-40f4-a61e-7f76fd5523c1
bf34908b-3271-4887-9bf8-cd59d01ae605	1	About A Girl	3	3.51726436316174507	2SHTKB8YYlawTGIuJ2b2ok	fe41ae13-9c83-4245-a723-1bbd4417a0a8	25fc6164-0b9b-40f4-a61e-7f76fd5523c1
f9e2b551-07ae-4f39-8539-dc40a08c991f	1	Jump In The Fire (Remastered)	4	2.942174071162591	5Kb48LGt4hW7bbpRWmYmUI	8a380818-99ca-44d4-9b92-6b3af7eac45f	a77cb218-c5de-4b07-ba18-a59f3289c82d
de638921-e050-4355-b45d-1884b9ddcff2	1	Don't Walk Away	12	2.33464560130508181	1KWt1O0TZcdCkg3WIvkQaK	958e57b4-9a08-4437-aa87-f6ae1940ce35	6fc5b035-80ad-4e3e-b22b-3eede1dcd29d
bd609f0f-1a18-4c82-81c2-9bbd996c72d8	2	Little Susie / Pie Jesu	14	3.66228071567767266	0nxdtEWLQeLcJ2IQwDftAU	910b7b82-ee2d-40b2-bdf3-9434618f9c13	6fc5b035-80ad-4e3e-b22b-3eede1dcd29d
348c4e44-293d-44dc-8587-e679d8d7212a	1	You Rock My World	6	2.4739908537714097	1Lhwn4PqeGpM4LTVUowW76	958e57b4-9a08-4437-aa87-f6ae1940ce35	6fc5b035-80ad-4e3e-b22b-3eede1dcd29d
d7e7b268-b25d-465f-8f40-e18319aaf6e4	1	Cry	13	2.50660357243374143	0wJelplx8NfzfyagNVaOVI	958e57b4-9a08-4437-aa87-f6ae1940ce35	6fc5b035-80ad-4e3e-b22b-3eede1dcd29d
00931b10-8642-4138-85e9-84f633f7f62f	2	Smile	15	2.16507432120879129	1iin2Ll8PHPzoh6xF6LQRh	910b7b82-ee2d-40b2-bdf3-9434618f9c13	6fc5b035-80ad-4e3e-b22b-3eede1dcd29d
20d758e4-4b6c-4758-a909-ab6c208a15e7	1	Hit The Lights (Remastered)	1	2.89927656768617403	52m8IrzripYje6bVxUILQU	8a380818-99ca-44d4-9b92-6b3af7eac45f	a77cb218-c5de-4b07-ba18-a59f3289c82d
142ede7c-cb2c-4150-b69a-cc634f1c8228	1	The Unforgiven	4	4.39336416318119216	4aYLAF6ckQ5ooGGGM7sWAa	6ca70dd1-2a16-4620-8036-f5b96a38e43e	a77cb218-c5de-4b07-ba18-a59f3289c82d
92ce1618-7796-487f-8c21-f99d12d2e4fa	1	Wherever I May Roam	5	3.75093471468266371	22GbAGb80ZZNgm2yrBMnpR	6ca70dd1-2a16-4620-8036-f5b96a38e43e	a77cb218-c5de-4b07-ba18-a59f3289c82d
153a9ebc-bad6-41c4-a8c5-f3b4316aa758	1	Motorbreath (Remastered)	3	2.50032978535550132	5iLhIpIgGZxI7kjgj9807I	8a380818-99ca-44d4-9b92-6b3af7eac45f	a77cb218-c5de-4b07-ba18-a59f3289c82d
5e27bfe0-ea47-4a05-b9c2-39bd7d4481b7	1	Turn The Page	4	3.84624573842900697	1aXFBWnnPFRKUN7vuIA5h0	ed5b5030-d19e-4631-930d-9186354ff578	a77cb218-c5de-4b07-ba18-a59f3289c82d
05e20b83-ff6e-4156-b86b-253a627ed2ce	1	Die, Die My Darling	5	3.39132699320982312	0t7LcUic4qolMCysPrKeAd	ed5b5030-d19e-4631-930d-9186354ff578	a77cb218-c5de-4b07-ba18-a59f3289c82d
d302a6e5-2875-4ccc-8fc8-b497f88be063	1	Sad But True	2	4.00042187914811098	1PhLYngBKbeDtdmDzCg3Pb	6ca70dd1-2a16-4620-8036-f5b96a38e43e	a77cb218-c5de-4b07-ba18-a59f3289c82d
25cdf3c1-d3c3-4127-8dcc-9cc35f37bb13	1	My Friend Of Misery	11	3.83201804313393346	0R9GrbRcpBRdwDlVPj2wEQ	6ca70dd1-2a16-4620-8036-f5b96a38e43e	a77cb218-c5de-4b07-ba18-a59f3289c82d
7f015641-cac3-4fb0-872c-062473a40a3a	1	Morphine	2	3.74194041839815972	5cyUiyJ9ZtQfnvFU2y31RC	0a31b255-1cca-4e2d-9c3d-a7fe4044f4bd	6fc5b035-80ad-4e3e-b22b-3eede1dcd29d
4cc9f675-742e-4231-8b4a-f4157620a25e	1	Superfly Sister	3	3.87036866108012756	64se9mFGa972tiKHKnJnyG	0a31b255-1cca-4e2d-9c3d-a7fe4044f4bd	6fc5b035-80ad-4e3e-b22b-3eede1dcd29d
3d8009e6-7b66-45bc-8beb-0fd07542589a	1	Ghosts	4	3.80853284052955043	7s51HyYKRGWqkH1UWnApHh	0a31b255-1cca-4e2d-9c3d-a7fe4044f4bd	6fc5b035-80ad-4e3e-b22b-3eede1dcd29d
96097d00-a944-4640-84d9-194c597c8885	1	Is It Scary	5	3.67296969547636198	1H43TqXTWkEhXjdw3LEfUS	0a31b255-1cca-4e2d-9c3d-a7fe4044f4bd	6fc5b035-80ad-4e3e-b22b-3eede1dcd29d
08bc6e7a-d77c-4f41-af79-4fb2e51f5a39	1	The Lost Children	14	3.61988319586152985	00MAeOlplKSab33lINpZds	958e57b4-9a08-4437-aa87-f6ae1940ce35	6fc5b035-80ad-4e3e-b22b-3eede1dcd29d
ed3ee4af-d8f9-41b6-bed1-c0039c4fd8cc	1	Metal Militia (Remastered)	10	3.76580613790978669	6yPJaDkXDkFU9YSzWl8wuD	8a380818-99ca-44d4-9b92-6b3af7eac45f	a77cb218-c5de-4b07-ba18-a59f3289c82d
9a8a31ff-b980-4f4c-94b6-b659cba60267	1	Whatever Happens	15	3.77627600581043987	4fK6bgzyKt4EIv3R1wrUtl	958e57b4-9a08-4437-aa87-f6ae1940ce35	6fc5b035-80ad-4e3e-b22b-3eede1dcd29d
01ea91a4-8a7b-4938-8546-586ece5b30d2	1	Threatened	16	3.7999943466557724	6zD1z7vVrq3fYEuDDr2Fxi	958e57b4-9a08-4437-aa87-f6ae1940ce35	6fc5b035-80ad-4e3e-b22b-3eede1dcd29d
a5e1b160-559a-4873-afae-823cff4eddb4	1	Blood on the Dance Floor	1	4.11850880315459911	11lw4bWbmxWIETHitBU0Gc	0a31b255-1cca-4e2d-9c3d-a7fe4044f4bd	6fc5b035-80ad-4e3e-b22b-3eede1dcd29d
d7870992-5499-42ad-ba12-d8b5f5b66553	1	You Are My Life	10	2.60000000000000009	4ybCcJqXdPRLtz9Dfy92t4	958e57b4-9a08-4437-aa87-f6ae1940ce35	6fc5b035-80ad-4e3e-b22b-3eede1dcd29d
cb7d5ea4-8d9d-42d6-8cac-4c727d8a6ee8	1	Privacy	11	4.12816532545177584	53NdDxLiNn7VSgDVi9KsYl	958e57b4-9a08-4437-aa87-f6ae1940ce35	6fc5b035-80ad-4e3e-b22b-3eede1dcd29d
a2eb3c78-8ad1-4887-acb3-9f65e5d44d5d	1	Phantom Lord (Remastered)	7	3.27391476471354537	4VQudlmWuKvvo1vj2vDUHW	8a380818-99ca-44d4-9b92-6b3af7eac45f	a77cb218-c5de-4b07-ba18-a59f3289c82d
af34f653-a692-4a07-a55b-2c463f391989	1	No Remorse (Remastered)	8	3.30251310036448942	1j90Mz6iIuuK4uiqXYVcQf	8a380818-99ca-44d4-9b92-6b3af7eac45f	a77cb218-c5de-4b07-ba18-a59f3289c82d
6fadf862-0b7b-4b1e-b579-34f348ac089b	1	Invincible	3	3.04160547255913993	4HK6hmgMwGXHo3lUUNkiem	958e57b4-9a08-4437-aa87-f6ae1940ce35	6fc5b035-80ad-4e3e-b22b-3eede1dcd29d
58726657-8cc0-4c20-9f00-5091f792ebd6	1	Heartbreaker	2	3.13887113665789208	0L0wNdB2KJjQrymVBkMnAq	958e57b4-9a08-4437-aa87-f6ae1940ce35	6fc5b035-80ad-4e3e-b22b-3eede1dcd29d
2f9204ad-89f4-4d6c-b7e4-b6a5439427f6	1	Unbreakable	1	3.25533397130245028	5L9anTQJGLyRObYDYvLWdh	958e57b4-9a08-4437-aa87-f6ae1940ce35	6fc5b035-80ad-4e3e-b22b-3eede1dcd29d
fa63122d-8e10-40fe-a7be-6d27a3164773	1	Break of Dawn	4	2.88802810819268974	5UHM8Z6GXhaB6RUlBemByI	958e57b4-9a08-4437-aa87-f6ae1940ce35	6fc5b035-80ad-4e3e-b22b-3eede1dcd29d
88b426a6-3df5-4f75-8b00-d0716d67ae3c	1	Heaven Can Wait	5	2.53991941562873569	1AZXNAVDD9ZFIEKySgflFz	958e57b4-9a08-4437-aa87-f6ae1940ce35	6fc5b035-80ad-4e3e-b22b-3eede1dcd29d
f3a76853-5ae6-4563-9b9d-85b5cd703984	1	The Four Horsemen (Remastered)	2	3.05084774663617964	0adbIekxPM5cWQ1cwLwAEF	8a380818-99ca-44d4-9b92-6b3af7eac45f	a77cb218-c5de-4b07-ba18-a59f3289c82d
afe6bee2-1122-4227-b3bb-517e03780d5a	1	Butterflies	7	2.5642358316534235	0rT9f5BSZrZ6DvzfBEckG0	958e57b4-9a08-4437-aa87-f6ae1940ce35	6fc5b035-80ad-4e3e-b22b-3eede1dcd29d
a28e8d89-a094-4baa-a699-d6d5e8153bb5	1	Whiplash (Remastered)	6	3.00652032637721556	0c7TUi67lKsso6WAKpOVzu	8a380818-99ca-44d4-9b92-6b3af7eac45f	a77cb218-c5de-4b07-ba18-a59f3289c82d
7517d54a-593b-4db4-9332-9cdce682283b	1	...And Justice For All	2	3.07230494636258511	0eXz8pS25MoeUguNPR9VvD	106df7ab-9578-43b7-b010-2d7c0c73a0df	a77cb218-c5de-4b07-ba18-a59f3289c82d
9cae3d9f-a8bf-4c49-a317-0010592d2a0d	1	2000 Watts	9	3.19646264829531024	4aTYZL8uyGXAdmWOQy4Wgx	958e57b4-9a08-4437-aa87-f6ae1940ce35	6fc5b035-80ad-4e3e-b22b-3eede1dcd29d
19156579-3da0-4f2f-922f-a720b1477004	1	Blackened	1	3.6202217481280945	0Tp7uSZK21LZTbZRBNb9ud	106df7ab-9578-43b7-b010-2d7c0c73a0df	a77cb218-c5de-4b07-ba18-a59f3289c82d
22c32985-933e-42b1-abd5-11085035e59f	1	Speechless	8	3.45194973341045586	1O1LkHTi3Lep9OHE8BvOVe	958e57b4-9a08-4437-aa87-f6ae1940ce35	6fc5b035-80ad-4e3e-b22b-3eede1dcd29d
b165bbb2-e106-422c-8eb7-0555364a2dc5	1	Seek & Destroy (Remastered)	9	3.14379233750174869	6vVRtEW5T51Zd8qnyrshR1	8a380818-99ca-44d4-9b92-6b3af7eac45f	a77cb218-c5de-4b07-ba18-a59f3289c82d
f754f43d-9510-41b7-89d8-bb8a36f8b59d	1	(Anesthesia)--Pulling Teeth (Remastered)	5	3.09374525011259571	1kjegEojOb6ciCGuj0tcLW	8a380818-99ca-44d4-9b92-6b3af7eac45f	a77cb218-c5de-4b07-ba18-a59f3289c82d
f30aff15-b020-48b8-b53d-f34da79ee9d4	1	Loverman	6	4.08483396552589628	4ZzCFuFwZI0JY32L2znC8V	ed5b5030-d19e-4631-930d-9186354ff578	a77cb218-c5de-4b07-ba18-a59f3289c82d
cb76b99f-8337-48fd-b322-ebb3d5e4fe0b	1	Enter Sandman	1	3.64335463368878143	5sICkBXVmaCQk5aISGR3x1	6ca70dd1-2a16-4620-8036-f5b96a38e43e	a77cb218-c5de-4b07-ba18-a59f3289c82d
7c0a5d89-1fd1-42df-abe4-8de09e848f39	1	Don't Tread On Me	6	2.95881296750486644	2b7r6fN91KiHnp00aqHZ7x	6ca70dd1-2a16-4620-8036-f5b96a38e43e	a77cb218-c5de-4b07-ba18-a59f3289c82d
4d77bdd0-fe9b-4c29-aacc-b9846aff14ed	1	It's Electric	2	3.44941396320620441	7csz4sW8pAL4M378czLtlD	ed5b5030-d19e-4631-930d-9186354ff578	a77cb218-c5de-4b07-ba18-a59f3289c82d
91dbbb0c-b24c-40d3-a3fe-4c0cc9064a65	1	Through The Never	7	2.99623604217468387	2VAQuXC01B2eJAEnkjIj7z	6ca70dd1-2a16-4620-8036-f5b96a38e43e	a77cb218-c5de-4b07-ba18-a59f3289c82d
c2e0bb29-80ca-4b96-974b-cf5e504759c6	1	Holier Than Thou	3	3.06692407210656004	5YMJoplBWvIa2LHUPoGqb5	6ca70dd1-2a16-4620-8036-f5b96a38e43e	a77cb218-c5de-4b07-ba18-a59f3289c82d
1ff55e8c-5c79-465e-9cae-47768e6985c5	1	Of Wolf And Man	9	3.18127235581989076	2J8jdenoxkPXs44G9xcncc	6ca70dd1-2a16-4620-8036-f5b96a38e43e	a77cb218-c5de-4b07-ba18-a59f3289c82d
ed85793c-f86a-4cc0-a7f2-162fd08755c7	1	The Struggle Within	12	4.05551696130089745	4R4uSnvRFeVdLQcX2zj8aU	6ca70dd1-2a16-4620-8036-f5b96a38e43e	a77cb218-c5de-4b07-ba18-a59f3289c82d
22e9a5f8-6fac-4dee-a404-88b28c901885	1	The God That Failed	10	4.02744965529853438	7tyc1pcOE4FOVIQTBzvxeF	6ca70dd1-2a16-4620-8036-f5b96a38e43e	a77cb218-c5de-4b07-ba18-a59f3289c82d
df4344cd-ce37-4031-b24b-39cffddb5ee4	1	Nothing Else Matters	8	4.14988420850770545	0nLiqZ6A27jJri2VCalIUs	6ca70dd1-2a16-4620-8036-f5b96a38e43e	a77cb218-c5de-4b07-ba18-a59f3289c82d
74d6d1bf-57bd-4340-96e0-18ecbfd23f28	1	Mercyful Fate	7	3.92032075427559334	4QSjFkY6GEhu3yvo02xHxt	ed5b5030-d19e-4631-930d-9186354ff578	a77cb218-c5de-4b07-ba18-a59f3289c82d
fc785e9d-6fa1-4eb1-b2cb-8e476b34f37d	1	Sabbra Cadabra	3	4.19145479495800988	11IPNJTMidD7XtDcms6JNs	ed5b5030-d19e-4631-930d-9186354ff578	a77cb218-c5de-4b07-ba18-a59f3289c82d
2d6d0ef2-8312-4f88-bfde-a1aef87161a4	1	Free Speech For The Dumb	1	3.41893268192097466	5Drw9LOY1YkcgOXSatNfWj	ed5b5030-d19e-4631-930d-9186354ff578	a77cb218-c5de-4b07-ba18-a59f3289c82d
286c4caa-c1af-4f74-b2ab-985f0f4fc1ae	5	When Hell Freezes Over (The Call of Ktulu) (Live at The Keystone, Palo Alto, CA – October 31st, 1983)	7	\N	0DKVSRcl7rNqxZxk3DYGU6	8a380818-99ca-44d4-9b92-6b3af7eac45f	a77cb218-c5de-4b07-ba18-a59f3289c82d
bd3d197e-0876-46d6-a3ca-a394149e5a0b	5	Seek & Destroy (Live at The Keystone, Palo Alto, CA – October 31st, 1983)	8	\N	44UrnIpdXghCDU8xQAQJWC	8a380818-99ca-44d4-9b92-6b3af7eac45f	a77cb218-c5de-4b07-ba18-a59f3289c82d
c133447b-0e0a-4d0e-98d3-9cf959388055	5	(Anesthesia) – Pulling Teeth (Live at The Keystone, Palo Alto, CA – October 31st, 1983)	9	\N	31ff2s4BUKVx0i0EKHM2Gc	8a380818-99ca-44d4-9b92-6b3af7eac45f	a77cb218-c5de-4b07-ba18-a59f3289c82d
06aefb40-682f-4c2f-8408-6b71ab9c7ecb	4	Jump In The Fire (Live at J Bees Rock III, Middletown, NY – January 20th, 1984)	2	0	6CCKh4PyRYhp3damUZOs1b	8a380818-99ca-44d4-9b92-6b3af7eac45f	a77cb218-c5de-4b07-ba18-a59f3289c82d
c6acfbde-98b9-4b65-919b-3821d944ccb4	1	The House Jack Built	3	3.76149651605383717	4GgHgoto2yRwvFk25vujpZ	1f7afd35-854e-4927-9489-2392b1ba7338	a77cb218-c5de-4b07-ba18-a59f3289c82d
18014d54-ceb7-4400-983e-9241c0cb31bd	1	Until It Sleeps	4	3.80827545969500747	63aVbch5VRXtQnCITdeDTZ	1f7afd35-854e-4927-9489-2392b1ba7338	a77cb218-c5de-4b07-ba18-a59f3289c82d
d3049221-6c29-4c36-8c00-809dac9285ee	1	Hero Of The Day	6	3.62490200062162238	5ktyEZbrgBEePsu6MW5Cvw	1f7afd35-854e-4927-9489-2392b1ba7338	a77cb218-c5de-4b07-ba18-a59f3289c82d
8a61e9eb-0759-43c1-b1fc-060fdcbdd29f	1	Astronomy	8	4.16050928430398415	1Bpa3yoBAqpcc8mRC9jacn	ed5b5030-d19e-4631-930d-9186354ff578	a77cb218-c5de-4b07-ba18-a59f3289c82d
26f3336e-3194-41fe-a814-8652093dcec6	1	Wasting My Hate	10	3.11968940929699023	3tIV4YWEZyzq4QtgvIgwxL	1f7afd35-854e-4927-9489-2392b1ba7338	a77cb218-c5de-4b07-ba18-a59f3289c82d
0f5d59db-3bf6-4207-9aed-e66f508d6e01	1	Poor Twisted Me	9	3.06916815016452649	4XfQg5rBmwbZjmXbp0wxds	1f7afd35-854e-4927-9489-2392b1ba7338	a77cb218-c5de-4b07-ba18-a59f3289c82d
5f3e6478-8fd5-49c8-8783-b78c9f467818	1	Mama Said	11	3.53321527108493028	4ePx4Js87KSIVMLL4RD7vX	1f7afd35-854e-4927-9489-2392b1ba7338	a77cb218-c5de-4b07-ba18-a59f3289c82d
c196689e-377a-4cad-bd79-744a547cda2f	1	Thorn Within	12	3.57812305698045297	2aKhGkbQ6mWIGsR0kpSdfj	1f7afd35-854e-4927-9489-2392b1ba7338	a77cb218-c5de-4b07-ba18-a59f3289c82d
27675a4e-3a23-474f-ac82-50652d3606c0	1	Ronnie	13	4.00422811832897096	4Vv7tatQcfAZcXmMh7ireQ	1f7afd35-854e-4927-9489-2392b1ba7338	a77cb218-c5de-4b07-ba18-a59f3289c82d
c88c8f2f-f96e-4fec-95dc-5bc70d41ff7b	1	The Outlaw Torn	14	4.09460339100407911	44ARj4IaCoOevEu1oy0z1v	1f7afd35-854e-4927-9489-2392b1ba7338	a77cb218-c5de-4b07-ba18-a59f3289c82d
fe0559dd-6d19-4e83-b699-15440e7ac319	2	Am I Evil?	6	3.6491230849298204	3T5kYazNB0f72vswYOSq4l	ed5b5030-d19e-4631-930d-9186354ff578	a77cb218-c5de-4b07-ba18-a59f3289c82d
0415bf36-ff8b-43c1-aeb3-764a69c64a47	1	Cure	8	2.58834884641894014	5De0T23DDwoV7TN5A3sHEY	1f7afd35-854e-4927-9489-2392b1ba7338	a77cb218-c5de-4b07-ba18-a59f3289c82d
0eab4ae3-b16f-4a4b-ab28-0df62fe4fffa	1	Bleeding Me	7	4.11851246011931504	2IenDzi8pYn8c4WRteZai0	1f7afd35-854e-4927-9489-2392b1ba7338	a77cb218-c5de-4b07-ba18-a59f3289c82d
60d27258-c3c0-4950-9e21-e6858f8f3bb5	1	Whiskey In The Jar	9	3.77205545001778653	2R6UrJ8uWbSIiHWmvRQvN8	ed5b5030-d19e-4631-930d-9186354ff578	a77cb218-c5de-4b07-ba18-a59f3289c82d
c4bd4598-d1f4-4c3a-9e03-73da8e1c0f98	1	2 X 4	2	3.38154997845795702	4M0aGQRCNnL77XUkvGO6If	1f7afd35-854e-4927-9489-2392b1ba7338	a77cb218-c5de-4b07-ba18-a59f3289c82d
1e1b2c8e-233c-4f41-8c9d-d94c339ab48e	1	King Nothing	5	3.59879460341147128	140u2dqlZbpi4ZLgeolKqA	1f7afd35-854e-4927-9489-2392b1ba7338	a77cb218-c5de-4b07-ba18-a59f3289c82d
ad5d5ef7-dfbe-4266-8c4d-9840fe7770d6	1	Ain't My B*tch	1	3.66845887609853394	7LMeflTW3D3JRKaA2JK9KJ	1f7afd35-854e-4927-9489-2392b1ba7338	a77cb218-c5de-4b07-ba18-a59f3289c82d
ecc473a3-81a7-4a6e-9519-f3043721bf93	2	The Wait	3	3.54515973701409148	50C1Xmop1WL6qvumYDTFaD	ed5b5030-d19e-4631-930d-9186354ff578	a77cb218-c5de-4b07-ba18-a59f3289c82d
fdfeab4f-d39c-4598-8211-07ce13e9ae4d	2	The Small Hours	2	3.49074142208945259	3i6UJNxQev7ZyUyiq66un7	ed5b5030-d19e-4631-930d-9186354ff578	a77cb218-c5de-4b07-ba18-a59f3289c82d
ed1071ae-2d9d-47c7-b125-9827aa98552c	2	Last Caress / Green Hell	5	3.46385780618231465	31JLlpOHfr53d0C2zufEqJ	ed5b5030-d19e-4631-930d-9186354ff578	a77cb218-c5de-4b07-ba18-a59f3289c82d
17e08a31-c158-4491-9ba2-d25a85499c0d	2	Blitzkrieg	7	3.17040941089388983	0zZPCkSMAECtxBQHWJ0enW	ed5b5030-d19e-4631-930d-9186354ff578	a77cb218-c5de-4b07-ba18-a59f3289c82d
b311ebd3-128e-46bc-bca2-9ad4c4fdb1cd	1	The More I See	11	3.21062934237200404	1bEAFB39TyDfY3KtDtK7aI	ed5b5030-d19e-4631-930d-9186354ff578	a77cb218-c5de-4b07-ba18-a59f3289c82d
8b336e04-c7ba-4b2d-a3c8-bbaf556b0b75	2	Breadfan	8	3.24750845308763125	4XRTyhEWlpWz3GqByHj7TU	ed5b5030-d19e-4631-930d-9186354ff578	a77cb218-c5de-4b07-ba18-a59f3289c82d
4a9e510e-f07d-44b9-ac89-40f8cbf3af56	2	Crash Course In Brain Surgery	4	3.22784033007902371	7IDSHt1TFIKVcNwvbJASBZ	ed5b5030-d19e-4631-930d-9186354ff578	a77cb218-c5de-4b07-ba18-a59f3289c82d
322ffa33-d4f5-49cf-9fca-0fc772bdc236	2	Helpless	1	2.76297945776535991	5sv8enQQ6TRwgKjnUOuTWi	ed5b5030-d19e-4631-930d-9186354ff578	a77cb218-c5de-4b07-ba18-a59f3289c82d
5d088297-de44-4b3d-a339-f5e6b1a32073	1	Tuesday's Gone	10	2.43922492655289425	1OX2eJLfU0SHLzcy9sv9Vj	ed5b5030-d19e-4631-930d-9186354ff578	a77cb218-c5de-4b07-ba18-a59f3289c82d
064c74ac-ee27-4ebe-9d09-2196eb8df0c6	2	Old Age - Boombox Rehearsals	14	0	6yhtu9zbiV1FRcaED8BDIC	bf57df2c-b7b8-4b68-a411-54b140e06acb	25fc6164-0b9b-40f4-a61e-7f76fd5523c1
55317bb1-1cc9-4a51-bf2a-ee819079fd1b	1	Turnaround - BBC John Peel Session 1990	5	3.24273919428832702	7zMAm9ebhkMQuGrYm8FcPt	544e04e7-d6ac-4111-a6db-8235525a158d	25fc6164-0b9b-40f4-a61e-7f76fd5523c1
2ddc9164-1a9b-4597-bb73-53666f5de5cb	3	Drain You - Live At The Paramount/1991	2	\N	7GO6JsgloxoS6dFqNMmaW8	bf57df2c-b7b8-4b68-a411-54b140e06acb	25fc6164-0b9b-40f4-a61e-7f76fd5523c1
239966d1-5f89-4861-a9fd-35a55b580b96	1	Beeswax	9	3.93726151624804821	73heu76HyAQRRN1u3vubq6	544e04e7-d6ac-4111-a6db-8235525a158d	25fc6164-0b9b-40f4-a61e-7f76fd5523c1
a5374a13-86ff-44a8-8f6c-c7379399b3f7	1	Serve The Servants	1	3.8816758939335001	3w5Ekq9O8g0gGFEsT77Ydi	8ac84ff2-cd8b-4f77-b4a8-293864751df1	25fc6164-0b9b-40f4-a61e-7f76fd5523c1
6f3e13fe-a2fc-4b04-bd61-a08eaa2a2a80	1	Scentless Apprentice	2	3.86349629318365473	54UFDHWI2q7WHfrGbSNWph	8ac84ff2-cd8b-4f77-b4a8-293864751df1	25fc6164-0b9b-40f4-a61e-7f76fd5523c1
c9753184-f296-4a82-b515-577ff7bc1df2	1	Son Of A Gun - BBC John Peel Session 1990	7	3.34374705093957747	76sVqjHYyW99EpeQLDkPME	544e04e7-d6ac-4111-a6db-8235525a158d	25fc6164-0b9b-40f4-a61e-7f76fd5523c1
ceb57e5d-8ebc-438b-b4d9-701ae60e60e6	1	Heart-Shaped Box	3	3.04284701877170205	66w5OYw2ja8lnmaA3Ns0PU	8ac84ff2-cd8b-4f77-b4a8-293864751df1	25fc6164-0b9b-40f4-a61e-7f76fd5523c1
82e699d2-f6ef-4b70-89c5-068d9853f2a1	1	(New Wave) Polly - BBC Mark Goodier Session	8	3.22045675154690025	0k9tUFpXZg7TvMZk4l6OTa	544e04e7-d6ac-4111-a6db-8235525a158d	25fc6164-0b9b-40f4-a61e-7f76fd5523c1
ea6027e6-23c8-45e7-bb77-61cc0e640f86	1	Molly's Lips - BBC John Peel Session 1990	6	3.28568609147122803	0brL7VMo7onJJTGMSdajic	544e04e7-d6ac-4111-a6db-8235525a158d	25fc6164-0b9b-40f4-a61e-7f76fd5523c1
bdf00854-7f1d-4154-9edd-f90466b24d0d	1	Frances Farmer Will Have Her Revenge On Seattle	5	3.20597250402168843	06B04lID9HGPwPWwBkTQfU	8ac84ff2-cd8b-4f77-b4a8-293864751df1	25fc6164-0b9b-40f4-a61e-7f76fd5523c1
88624d88-c330-4cbd-96aa-bd2bfa949637	1	Milk It	8	3.23407611779895898	4rtZtLpriBscg7zta3TZxp	8ac84ff2-cd8b-4f77-b4a8-293864751df1	25fc6164-0b9b-40f4-a61e-7f76fd5523c1
2f6e8f35-744b-4c91-8ca3-523dd9cd3a57	1	Dumb	6	3.59110568788799123	5gRcv46AMTrosmTOqrOV3Q	8ac84ff2-cd8b-4f77-b4a8-293864751df1	25fc6164-0b9b-40f4-a61e-7f76fd5523c1
e8521815-37b0-4ca7-acbb-019a3d14e377	1	Rape Me	4	3.50053143163751201	2i5K0EdMY5zFs9t7KfYK3k	8ac84ff2-cd8b-4f77-b4a8-293864751df1	25fc6164-0b9b-40f4-a61e-7f76fd5523c1
8651ab76-9971-4e13-81c3-bb6e3534040b	1	Very Ape	7	3.24285423737271561	0hUit24g1EIoATdKYWUiRj	8ac84ff2-cd8b-4f77-b4a8-293864751df1	25fc6164-0b9b-40f4-a61e-7f76fd5523c1
ef13018a-bc99-4761-9b87-5ca3441aeded	1	Pennyroyal Tea	9	3.31609221457401127	3z53rfQOg6Eb5pBCRsd7Uu	8ac84ff2-cd8b-4f77-b4a8-293864751df1	25fc6164-0b9b-40f4-a61e-7f76fd5523c1
2a157e92-2cd0-4e4a-a562-77485c9f858f	1	Radio Friendly Unit Shifter	10	3.17859197171889196	0W0s27FypnkXjJTJKUAnx0	8ac84ff2-cd8b-4f77-b4a8-293864751df1	25fc6164-0b9b-40f4-a61e-7f76fd5523c1
34b825a3-0233-48ec-807b-86e1f6165402	1	Stain	3	3.23266786469353562	4IryVI254hGj0J8ND5r8gZ	544e04e7-d6ac-4111-a6db-8235525a158d	25fc6164-0b9b-40f4-a61e-7f76fd5523c1
1b3eab41-97dc-4557-b7f1-b89273a43357	1	All Apologies	12	3.53834296623495703	1Ic9pKxGSJGM0LKeqf6lGe	8ac84ff2-cd8b-4f77-b4a8-293864751df1	25fc6164-0b9b-40f4-a61e-7f76fd5523c1
bb45d3bb-6b79-4f23-a381-f2e58c887c18	1	Tourette's	11	3.61577302242253218	6ZXGdStfF4q5jnyK76uG4a	8ac84ff2-cd8b-4f77-b4a8-293864751df1	25fc6164-0b9b-40f4-a61e-7f76fd5523c1
a5e14a7f-4d49-4086-832e-bff3939c05dd	1	Mexican Seafood	11	3.24605521416176446	6x20PMZz6zDTODupdLxJUZ	544e04e7-d6ac-4111-a6db-8235525a158d	25fc6164-0b9b-40f4-a61e-7f76fd5523c1
528942da-bca7-41e6-bbb3-eea6677f1b62	1	Hairspray Queen	12	3.31583322907429423	5X2Z78KBrHKkzcjdZZs5UN	544e04e7-d6ac-4111-a6db-8235525a158d	25fc6164-0b9b-40f4-a61e-7f76fd5523c1
703787d7-7b04-4f6d-9e75-17c33f4f8688	1	Been A Son - BBC Mark Goodier Session	4	3.22184181564583572	4dXBG3zz9SzaPBtm4Fv91x	544e04e7-d6ac-4111-a6db-8235525a158d	25fc6164-0b9b-40f4-a61e-7f76fd5523c1
0ad12b79-b322-4aae-9de6-9a647aa99f5b	1	Dive	1	3.21008373958442661	6G2baGa99QcqUUTmkEgeZl	544e04e7-d6ac-4111-a6db-8235525a158d	25fc6164-0b9b-40f4-a61e-7f76fd5523c1
7c57406c-4bc3-426c-95d3-ff10a0405cef	1	Sliver	2	3.19979542005855855	3BtHClmMmURD8UHF2fiyxt	544e04e7-d6ac-4111-a6db-8235525a158d	25fc6164-0b9b-40f4-a61e-7f76fd5523c1
589b2dc0-f479-4717-b969-4b06ce6a5f0b	1	Aero Zeppelin	13	3.37114508854013195	6ENZJCRagbW3jlzXSucfoI	544e04e7-d6ac-4111-a6db-8235525a158d	25fc6164-0b9b-40f4-a61e-7f76fd5523c1
c1c8979f-8b2c-45cb-b06c-0a561b6aac70	1	Big Long Now	14	3.36093367090692485	1Yk88pNibq8kIHKDQW5Jnu	544e04e7-d6ac-4111-a6db-8235525a158d	25fc6164-0b9b-40f4-a61e-7f76fd5523c1
f30fb0fe-1bcc-40f7-9b09-1d0e6b06d876	1	Aneurysm	15	2.1325395372178817	0Pie5DFAHHxpkONFUsAI6s	544e04e7-d6ac-4111-a6db-8235525a158d	25fc6164-0b9b-40f4-a61e-7f76fd5523c1
\.


--
-- Name: lu_item_types_id_seq; Type: SEQUENCE SET; Schema: public; Owner: visual_rater
--

SELECT pg_catalog.setval('public.lu_item_types_id_seq', 1, true);


--
-- Name: album album_pkey; Type: CONSTRAINT; Schema: public; Owner: visual_rater
--

ALTER TABLE ONLY public.album
    ADD CONSTRAINT album_pkey PRIMARY KEY (id);


--
-- Name: artist artist_pkey; Type: CONSTRAINT; Schema: public; Owner: visual_rater
--

ALTER TABLE ONLY public.artist
    ADD CONSTRAINT artist_pkey PRIMARY KEY (id);


--
-- Name: items items_pkey; Type: CONSTRAINT; Schema: public; Owner: visual_rater
--

ALTER TABLE ONLY public.items
    ADD CONSTRAINT items_pkey PRIMARY KEY (id);


--
-- Name: lu_item_types lu_item_types_pkey; Type: CONSTRAINT; Schema: public; Owner: visual_rater
--

ALTER TABLE ONLY public.lu_item_types
    ADD CONSTRAINT lu_item_types_pkey PRIMARY KEY (id);


--
-- Name: song song_pkey; Type: CONSTRAINT; Schema: public; Owner: visual_rater
--

ALTER TABLE ONLY public.song
    ADD CONSTRAINT song_pkey PRIMARY KEY (id);


--
-- Name: song fka21ft97nj7thwrp5d31xdaxr; Type: FK CONSTRAINT; Schema: public; Owner: visual_rater
--

ALTER TABLE ONLY public.song
    ADD CONSTRAINT fka21ft97nj7thwrp5d31xdaxr FOREIGN KEY (artist_id) REFERENCES public.artist(id);


--
-- Name: album fkmwc4fyyxb6tfi0qba26gcf8s1; Type: FK CONSTRAINT; Schema: public; Owner: visual_rater
--

ALTER TABLE ONLY public.album
    ADD CONSTRAINT fkmwc4fyyxb6tfi0qba26gcf8s1 FOREIGN KEY (artist_id) REFERENCES public.artist(id);


--
-- Name: song fkrcjmk41yqj3pl3iyii40niab0; Type: FK CONSTRAINT; Schema: public; Owner: visual_rater
--

ALTER TABLE ONLY public.song
    ADD CONSTRAINT fkrcjmk41yqj3pl3iyii40niab0 FOREIGN KEY (album_id) REFERENCES public.album(id);


--
-- Name: items items_type_id_fkey; Type: FK CONSTRAINT; Schema: public; Owner: visual_rater
--

ALTER TABLE ONLY public.items
    ADD CONSTRAINT items_type_id_fkey FOREIGN KEY (type_id) REFERENCES public.lu_item_types(id);


--
-- PostgreSQL database dump complete
--

